{"stats":{"minecraft:custom":{"minecraft:mob_kills":107,"minecraft:interact_with_crafting_table":7,"minecraft:open_barrel":9,"minecraft:leave_game":3,"minecraft:time_since_death":1945,"minecraft:climb_one_cm":36449,"minecraft:damage_resisted":208,"minecraft:sprint_one_cm":962203,"minecraft:walk_one_cm":2085174,"minecraft:damage_blocked_by_shield":350,"minecraft:drop":107,"minecraft:damage_dealt_absorbed":12,"minecraft:play_time":270165,"minecraft:deaths":99,"minecraft:sneak_time":2383,"minecraft:walk_under_water_one_cm":14362,"minecraft:boat_one_cm":248531,"minecraft:jump":3889,"minecraft:walk_on_water_one_cm":63774,"minecraft:total_world_time":270165,"minecraft:sleep_in_bed":21,"minecraft:time_since_rest":1973,"minecraft:damage_absorbed":40,"minecraft:damage_taken":26362,"minecraft:damage_dealt":35359,"minecraft:player_kills":6,"minecraft:swim_one_cm":84554,"minecraft:fly_one_cm":905581,"minecraft:open_chest":106,"minecraft:crouch_one_cm":13612,"minecraft:fall_one_cm":72811},"minecraft:killed_by":{"minecraft:husk":30,"minecraft:evoker":1,"epicsamurai:jorogumo":1,"minecraft:player":6,"minecraft:creeper":1,"minecraft:pillager":5,"minecraft:drowned":1,"mowziesmobs:ferrous_wroughtnaut":3,"minecraft:vindicator":25,"minecraft:skeleton":2,"minecraft:zombie":3,"epicsamurai:kitsune":2,"minecraft:vex":4,"minecraft:illusioner":1},"minecraft:crafted":{"minecraft:iron_axe":1,"minecraft:chest":3,"minecraft:wheat":396,"minecraft:crafting_table":1,"minecraft:bread":133,"minecraft:iron_pickaxe":1},"minecraft:mined":{"minecraft:spruce_planks":1,"minecraft:grass_block":40,"minecraft:mangrove_fence":1,"minecraft:spruce_leaves":1,"minecraft:oxeye_daisy":4,"minecraft:spawner":7,"minecraft:hay_block":44,"minecraft:iron_ore":3,"minecraft:gray_wall_banner":3,"minecraft:andesite":1,"minecraft:iron_bars":6,"minecraft:lantern":9,"minecraft:bamboo":1,"minecraft:stone":246,"minecraft:oak_slab":2,"betterarcheology:archeology_table":2,"minecraft:lily_of_the_valley":6,"minecraft:smoker":1,"minecraft:soul_lantern":1,"minecraft:cornflower":5,"minecraft:torch":1,"minecraft:blast_furnace":1,"minecraft:calcite":1,"minecraft:poppy":4,"minecraft:rose_bush":1,"minecraft:tall_grass":5,"minecraft:cobblestone":1,"minecraft:wall_torch":16,"minecraft:blue_bed":13,"betterarcheology:loot_vase_creeper":2,"minecraft:birch_log":43,"minecraft:sweet_berry_bush":25,"minecraft:birch_leaves":3,"minecraft:stone_brick_stairs":1,"betterarcheology:loot_vase_green":3,"minecraft:grass":38,"minecraft:oak_log":46,"minecraft:coal_ore":6,"minecraft:cyan_carpet":1,"minecraft:dirt":36,"minecraft:smooth_quartz":30,"minecraft:gray_carpet":1,"minecraft:oak_leaves":2,"minecraft:fern":4},"minecraft:picked_up":{"minecraft:fishing_rod":1,"minecraft:wheat":21,"minecraft:chainmail_boots":1,"minecraft:ladder":2,"minecraft:turtle_helmet":1,"minecraft:leather_leggings":4,"minecraft:lead":2,"mowziesmobs:glowing_jelly":2,"lolmct:spruce_crafting_table":1,"minecraft:potion":1,"minecraft:enchanted_book":1,"soul_like_armors_reworked:darkknightsword":2,"soul_like_armors_reworked:rustysteel_chestplate":1,"minecraft:cornflower":5,"minecraft:music_disc_cat":1,"minecraft:string":3,"minecraft:iron_axe":1,"minecraft:flint_and_steel":1,"minecraft:item_frame":1,"minecraft:armor_stand":4,"minecraft:smooth_stone":1,"minecraft:bucket":1,"minecraft:spruce_planks":1,"minecraft:smooth_quartz":58,"soul_like_armors_reworked:dagger":4,"minecraft:poppy":4,"minecraft:iron_pickaxe":5,"minecraft:spruce_slab":2,"minecraft:chest":1,"minecraft:furnace":1,"minecraft:piston":42,"minecraft:stick":16,"minecraft:raw_iron":3,"minecraft:torch":16,"epicfight:skillbook":6,"minecraft:carrot":18,"minecraft:redstone":2,"minecraft:tnt":28,"soul_like_armors_reworked:estusflask":50,"minecraft:arrow":56,"minecraft:cactus":1,"minecraft:stone_shovel":1,"minecraft:rotten_flesh":46,"minecraft:hay_block":44,"minecraft:saddle":1,"epicsamurai:kitsune_tail":2,"minecraft:obsidian":10,"minecraft:iron_bars":3,"minecraft:cobblestone":247,"minecraft:oxeye_daisy":3,"minecraft:birch_log":43,"minecraft:leather_chestplate":2,"minecraft:andesite":1,"minecraft:smoker":3,"minecraft:red_mushroom":1,"minecraft:potato":6,"minecraft:oak_log":50,"minecraft:chainmail_chestplate":1,"mowziesmobs:wrought_axe":1,"minecraft:dirt":96,"minecraft:blue_bed":14,"minecraft:lantern":11,"minecraft:name_tag":1,"minecraft:bone":6,"minecraft:apple":9,"minecraft:gray_carpet":1,"minecraft:bow":4,"minecraft:wheat_seeds":6,"betterarcheology:archeology_table":1,"minecraft:iron_ingot":1,"soul_like_armors_reworked:rustysteel_boots":1,"minecraft:diamond_helmet":1,"wom:diamond_legbottomseal":2,"minecraft:iron_sword":4,"minecraft:oak_planks":35,"minecraft:oak_slab":16,"minecraft:music_disc_13":1,"minecraft:sweet_berries":77,"minecraft:quartz":6,"minecraft:spyglass":1,"mowziesmobs:wrought_helmet":2,"minecraft:blast_furnace":9,"minecraft:white_bed":1,"minecraft:lily_of_the_valley":6,"soul_like_armors_reworked:rustysteelmace":2,"toughasnails:water_purifier":1,"minecraft:soul_lantern":1,"minecraft:stone_axe":2,"minecraft:gray_banner":3,"minecraft:crossbow":1,"epicsamurai:jorogumo_eye":1,"minecraft:golden_apple":3,"minecraft:bread":24,"minecraft:emerald":78,"minecraft:plenty_pottery_sherd":2,"minecraft:oak_sapling":1,"minecraft:coal":48,"minecraft:ender_pearl":1},"minecraft:dropped":{"minecraft:iron_ingot":106,"minecraft:bread":4,"minecraft:iron_sword":2,"minecraft:piston":21,"minecraft:oak_log":47,"wom:diamond_legbottomseal":2,"minecraft:glass_bottle":2,"minecraft:diamond":20,"soul_like_armors_reworked:estusflask":2,"minecraft:iron_helmet":1,"minecraft:lead":1,"minecraft:lantern":1,"minecraft:apple":2,"minecraft:coal":1,"mowziesmobs:wrought_axe":1,"minecraft:item_frame":1,"minecraft:stick":12,"minecraft:emerald":73,"minecraft:dirt":2,"epicsamurai:spirit_upgrade_smithing_template":1,"minecraft:smooth_quartz":29,"mowziesmobs:wrought_helmet":1,"minecraft:iron_pickaxe":4,"minecraft:cactus":1,"minecraft:string":1,"minecraft:birch_log":43,"minecraft:bone":6,"minecraft:gold_ingot":131,"minecraft:armor_stand":4,"minecraft:stone_axe":1,"minecraft:sweet_berries":2,"minecraft:spyglass":1,"minecraft:wild_armor_trim_smithing_template":2,"minecraft:soul_lantern":1,"minecraft:raw_iron":3,"minecraft:rotten_flesh":45,"minecraft:white_bed":1,"minecraft:chainmail_chestplate":1,"minecraft:leather_chestplate":1,"minecraft:potato":6,"minecraft:turtle_helmet":1,"soul_like_armors_reworked:darkknightsword":1,"minecraft:diamond_chestplate":1,"soul_like_armors_reworked:dagger":4,"minecraft:ladder":2,"minecraft:leather_leggings":3,"minecraft:iron_bars":2,"minecraft:bow":4,"minecraft:arrow":1,"minecraft:quartz":39,"minecraft:vex_armor_trim_smithing_template":3,"epicfight:skillbook":2},"minecraft:killed":{"minecraft:evoker":1,"minecraft:vex":1,"minecraft:spider":6,"minecraft:vindicator":15,"minecraft:skeleton":9,"minecraft:husk":37,"minecraft:frog":4,"minecraft:creeper":1,"minecraft:pillager":10,"minecraft:zombie":10},"minecraft:broken":{"minecraft:leather_chestplate":1,"minecraft:stone_pickaxe":1,"minecraft:shield":1,"minecraft:iron_axe":1,"minecraft:iron_sword":1},"minecraft:used":{"minecraft:poppy":3,"minecraft:chest":4,"minecraft:shield":2,"minecraft:iron_sword":504,"soul_like_armors_reworked:estusflask":4,"soul_like_armors_reworked:darkknightsword":64,"minecraft:torch":11,"minecraft:dirt":68,"minecraft:lily_of_the_valley":6,"betterarcheology:archeology_table":1,"soul_like_armors_reworked:dagger":252,"minecraft:lantern":9,"minecraft:iron_axe":103,"minecraft:smooth_quartz":16,"minecraft:sweet_berries":84,"minecraft:oak_sapling":1,"minecraft:gray_banner":3,"soul_like_armors_reworked:rustysteelmace":30,"epicfight:skillbook":13,"minecraft:stone_pickaxe":90,"minecraft:glass_bottle":30,"minecraft:gray_carpet":1,"minecraft:blue_bed":14,"minecraft:golden_apple":1,"minecraft:glow_berries":2,"minecraft:crafting_table":1,"minecraft:smoker":2,"minecraft:oak_log":2,"minecraft:apple":13,"minecraft:cornflower":5,"minecraft:oxeye_daisy":3,"minecraft:bread":32,"minecraft:iron_pickaxe":241,"minecraft:stone_axe":73,"minecraft:cobblestone":1,"minecraft:potion":31,"toughasnails:purified_water_bottle":3,"minecraft:andesite":1,"minecraft:air":1,"minecraft:experience_bottle":27}},"DataVersion":3465}