{"stats":{"minecraft:broken":{"minecraft:stone_pickaxe":1,"minecraft:iron_sword":1,"minecraft:diamond_leggings":1,"minecraft:leather_chestplate":1,"minecraft:shield":1,"minecraft:iron_axe":1},"minecraft:killed_by":{"minecraft:evoker":1,"epicsamurai:jorogumo":1,"minecraft:creeper":1,"minecraft:pillager":5,"minecraft:drowned":1,"minecraft:vindicator":25,"minecraft:zombie":3,"minecraft:vex":4,"minecraft:illusioner":1,"minecraft:husk":36,"minecraft:player":6,"mowziesmobs:ferrous_wroughtnaut":3,"minecraft:skeleton":3,"epicsamurai:kitsune":2},"minecraft:killed":{"minecraft:spider":6,"minecraft:skeleton":18,"minecraft:creeper":1,"minecraft:sheep":13,"minecraft:pillager":10,"minecraft:zombie":12,"mowziesmobs:umvuthana_raptor":1,"minecraft:evoker":1,"minecraft:vex":1,"minecraft:vindicator":15,"minecraft:husk":39,"minecraft:frog":7,"mowziesmobs:umvuthana_follower_raptor":1},"minecraft:dropped":{"minecraft:iron_sword":3,"minecraft:piston":21,"minecraft:oak_log":47,"wom:diamond_legbottomseal":2,"minecraft:glass_bottle":2,"minecraft:diamond":20,"soul_like_armors_reworked:rustysteelmace":2,"soul_like_armors_reworked:estusflask":2,"minecraft:crossbow":1,"minecraft:lantern":1,"minecraft:item_frame":1,"minecraft:emerald":73,"minecraft:dirt":2,"minecraft:iron_pickaxe":4,"minecraft:birch_log":43,"minecraft:bone":8,"minecraft:gold_ingot":131,"minecraft:armor_stand":4,"minecraft:stone_axe":1,"minecraft:spyglass":1,"minecraft:soul_lantern":2,"minecraft:rotten_flesh":51,"minecraft:oak_planks":11,"minecraft:white_bed":1,"minecraft:chainmail_chestplate":1,"minecraft:leather_chestplate":1,"minecraft:turtle_helmet":1,"soul_like_armors_reworked:dagger":4,"minecraft:ladder":2,"minecraft:leather_leggings":3,"minecraft:iron_bars":4,"minecraft:arrow":1,"minecraft:glass":5,"minecraft:quartz":50,"minecraft:iron_ingot":106,"minecraft:bread":4,"minecraft:wheat_seeds":12,"minecraft:mangrove_trapdoor":4,"minecraft:iron_helmet":1,"minecraft:cobblestone":128,"minecraft:lead":1,"minecraft:apple":2,"minecraft:coal":1,"minecraft:golden_apple":3,"mowziesmobs:wrought_axe":1,"minecraft:stick":12,"epicsamurai:spirit_upgrade_smithing_template":1,"minecraft:smooth_quartz":29,"minecraft:diamond_helmet":1,"minecraft:potion":1,"mowziesmobs:wrought_helmet":1,"minecraft:flowering_azalea":2,"minecraft:cactus":1,"minecraft:string":2,"minecraft:bucket":4,"minecraft:gray_carpet":3,"minecraft:sweet_berries":2,"minecraft:wild_armor_trim_smithing_template":2,"minecraft:raw_iron":3,"minecraft:pumpkin_seeds":8,"minecraft:lily_of_the_valley":1,"minecraft:potato":6,"soul_like_armors_reworked:darkknightsword":2,"minecraft:diamond_chestplate":1,"minecraft:spruce_planks":1,"minecraft:bow":4,"minecraft:vex_armor_trim_smithing_template":3,"epicfight:skillbook":2},"minecraft:custom":{"minecraft:interact_with_crafting_table":27,"minecraft:open_barrel":9,"minecraft:leave_game":4,"minecraft:time_since_death":47137,"minecraft:damage_resisted":208,"minecraft:sprint_one_cm":1460014,"minecraft:damage_blocked_by_shield":350,"minecraft:drop":145,"minecraft:play_time":429293,"minecraft:deaths":109,"minecraft:jump":5625,"minecraft:walk_on_water_one_cm":81697,"minecraft:interact_with_furnace":10,"minecraft:sleep_in_bed":28,"minecraft:damage_dealt":39915,"minecraft:player_kills":7,"minecraft:crouch_one_cm":16849,"minecraft:interact_with_smoker":7,"minecraft:mob_kills":139,"minecraft:damage_dealt_resisted":31,"minecraft:climb_one_cm":45993,"minecraft:walk_one_cm":2881853,"minecraft:damage_dealt_absorbed":12,"minecraft:sneak_time":3358,"minecraft:walk_under_water_one_cm":28658,"minecraft:boat_one_cm":248531,"minecraft:interact_with_blast_furnace":2,"minecraft:total_world_time":429293,"minecraft:pot_flower":1,"minecraft:time_since_rest":38674,"minecraft:damage_taken":29399,"minecraft:damage_absorbed":40,"minecraft:swim_one_cm":111050,"minecraft:fly_one_cm":1365119,"minecraft:open_chest":216,"minecraft:fall_one_cm":108563},"minecraft:mined":{"minecraft:spruce_planks":1,"minecraft:spruce_trapdoor":16,"minecraft:grass_block":46,"minecraft:mangrove_fence":1,"minecraft:oxeye_daisy":4,"minecraft:spawner":8,"minecraft:iron_ore":3,"minecraft:iron_bars":6,"betterarcheology:loot_vase":2,"minecraft:player_head":1,"minecraft:quartz_block":2,"minecraft:smoker":1,"minecraft:soul_lantern":1,"minecraft:torch":3,"minecraft:blast_furnace":3,"minecraft:calcite":1,"minecraft:poppy":14,"minecraft:chest":2,"minecraft:wither_skeleton_wall_skull":1,"minecraft:cobblestone":2,"minecraft:oak_planks":20,"minecraft:wall_torch":32,"minecraft:skeleton_skull":1,"minecraft:birch_log":60,"minecraft:stone_brick_stairs":1,"minecraft:grass":42,"minecraft:oak_log":46,"minecraft:sand":61,"minecraft:dirt":38,"minecraft:smooth_quartz":33,"epicsamurai:tanuki_statue":1,"minecraft:wither_skeleton_skull":1,"minecraft:oak_leaves":3,"create:zinc_ore":2,"minecraft:red_carpet":1,"minecraft:potted_flowering_azalea_bush":2,"create_new_age:thorium_ore":7,"minecraft:mangrove_trapdoor":2,"minecraft:spruce_leaves":1,"minecraft:hay_block":75,"minecraft:gray_wall_banner":4,"minecraft:andesite":1,"minecraft:lantern":10,"minecraft:bamboo":1,"minecraft:stone":408,"minecraft:oak_slab":2,"betterarcheology:archeology_table":2,"minecraft:soul_sand":2,"minecraft:lily_of_the_valley":6,"minecraft:crafting_table":1,"minecraft:cornflower":5,"minecraft:rose_bush":1,"minecraft:tall_grass":7,"minecraft:blue_bed":14,"minecraft:birch_planks":4,"betterarcheology:loot_vase_creeper":4,"minecraft:sweet_berry_bush":25,"minecraft:black_wall_banner":1,"minecraft:birch_leaves":5,"betterarcheology:loot_vase_green":3,"minecraft:coal_ore":11,"minecraft:cyan_carpet":1,"minecraft:gray_carpet":2,"minecraft:fern":4},"minecraft:used":{"minecraft:poppy":3,"minecraft:ladder":1,"minecraft:chest":7,"minecraft:shield":2,"minecraft:iron_sword":504,"soul_like_armors_reworked:darkknightsword":175,"minecraft:mutton":3,"minecraft:lily_of_the_valley":6,"minecraft:milk_bucket":5,"minecraft:glass":24,"minecraft:lantern":10,"minecraft:quartz_block":7,"minecraft:red_carpet":5,"minecraft:sweet_berries":84,"minecraft:furnace":1,"minecraft:oak_sapling":1,"minecraft:skeleton_skull":1,"minecraft:gray_banner":4,"soul_like_armors_reworked:rustysteelmace":30,"epicfight:skillbook":15,"minecraft:wither_skeleton_skull":2,"minecraft:stone_pickaxe":90,"minecraft:gray_carpet":1,"minecraft:oak_planks":22,"minecraft:blue_bed":15,"minecraft:golden_apple":1,"minecraft:glow_berries":2,"minecraft:black_banner":1,"minecraft:blast_furnace":2,"minecraft:bread":54,"minecraft:lectern":1,"minecraft:soul_lantern":1,"minecraft:andesite":1,"minecraft:air":1,"minecraft:experience_bottle":27,"soul_like_armors_reworked:estusflask":4,"minecraft:torch":34,"minecraft:dirt":90,"betterarcheology:archeology_table":1,"soul_like_armors_reworked:dagger":252,"minecraft:iron_axe":199,"minecraft:smooth_quartz":36,"minecraft:birch_planks":38,"minecraft:glass_bottle":67,"minecraft:crafting_table":2,"minecraft:red_bed":2,"epicsamurai:tanuki_statue":1,"minecraft:painting":2,"minecraft:smoker":3,"minecraft:oak_log":2,"minecraft:flower_pot":2,"minecraft:cornflower":5,"minecraft:apple":13,"minecraft:oxeye_daisy":3,"minecraft:iron_pickaxe":434,"minecraft:suspicious_stew":1,"minecraft:spruce_trapdoor":10,"minecraft:stone_axe":73,"minecraft:cobblestone":1,"minecraft:potion":67,"toughasnails:purified_water_bottle":3,"minecraft:pumpkin_pie":1},"minecraft:picked_up":{"minecraft:wheat":28,"minecraft:chainmail_boots":1,"minecraft:flower_pot":2,"minecraft:suspicious_stew":1,"minecraft:sentry_armor_trim_smithing_template":2,"minecraft:lead":3,"lolmct:spruce_crafting_table":1,"minecraft:potion":1,"minecraft:enchanted_book":1,"soul_like_armors_reworked:rustysteel_chestplate":1,"minecraft:music_disc_cat":3,"minecraft:string":5,"minecraft:armor_stand":4,"minecraft:gold_nugget":3,"minecraft:smooth_stone":1,"minecraft:bucket":5,"minecraft:spruce_planks":4,"minecraft:calcite":5,"soul_like_armors_reworked:dagger":4,"minecraft:smooth_quartz":63,"minecraft:iron_pickaxe":5,"minecraft:furnace":1,"minecraft:stick":16,"minecraft:torch":39,"epicfight:skillbook":6,"minecraft:quartz_block":2,"minecraft:cactus":1,"minecraft:rotten_flesh":58,"minecraft:vex_armor_trim_smithing_template":6,"minecraft:obsidian":10,"minecraft:iron_bars":5,"minecraft:cobblestone":1041,"minecraft:birch_log":60,"minecraft:leather_chestplate":2,"minecraft:andesite":1,"minecraft:smoker":3,"minecraft:potato":8,"paraglider:spirit_orb":2,"create:raw_zinc":2,"minecraft:wither_skeleton_skull":2,"minecraft:lapis_lazuli":5,"minecraft:dirt":222,"minecraft:lantern":12,"minecraft:name_tag":2,"minecraft:bone":13,"minecraft:bow":5,"minecraft:wheat_seeds":29,"betterarcheology:archeology_table":1,"soul_like_armors_reworked:rustysteel_boots":1,"minecraft:diamond_helmet":4,"wom:diamond_legbottomseal":2,"minecraft:oak_planks":66,"minecraft:music_disc_13":1,"minecraft:sand":59,"epicsamurai:tanuki_statue":1,"minecraft:lily_of_the_valley":10,"toughasnails:water_purifier":1,"minecraft:diamond":26,"minecraft:soul_lantern":3,"minecraft:crossbow":4,"epicsamurai:jorogumo_eye":1,"minecraft:golden_apple":9,"minecraft:bread":95,"minecraft:emerald":206,"minecraft:netherrack":1,"minecraft:plenty_pottery_sherd":2,"minecraft:oak_sapling":1,"minecraft:fishing_rod":1,"minecraft:crafting_table":1,"create_new_age:thorium":19,"minecraft:ladder":3,"minecraft:turtle_helmet":1,"minecraft:leather_leggings":4,"mowziesmobs:glowing_jelly":2,"soul_like_armors_reworked:darkknightsword":3,"minecraft:cornflower":5,"minecraft:iron_axe":1,"minecraft:flint_and_steel":1,"minecraft:item_frame":1,"minecraft:player_head":1,"minecraft:iron_nugget":8,"minecraft:poppy":13,"minecraft:spruce_slab":2,"minecraft:chest":4,"minecraft:birch_sapling":1,"minecraft:piston":63,"minecraft:spruce_trapdoor":16,"minecraft:egg":1,"minecraft:raw_iron":3,"minecraft:carrot":18,"minecraft:redstone":2,"minecraft:mangrove_trapdoor":4,"minecraft:tnt":28,"soul_like_armors_reworked:estusflask":50,"minecraft:arrow":70,"minecraft:stone_shovel":1,"minecraft:hay_block":74,"minecraft:black_banner":1,"minecraft:saddle":1,"minecraft:gold_ingot":128,"minecraft:mutton":19,"epicsamurai:kitsune_tail":2,"minecraft:skeleton_skull":1,"minecraft:white_wool":13,"minecraft:oxeye_daisy":3,"minecraft:red_mushroom":1,"minecraft:birch_planks":4,"minecraft:oak_log":50,"minecraft:chainmail_chestplate":1,"minecraft:gunpowder":7,"mowziesmobs:wrought_axe":1,"minecraft:blue_bed":15,"minecraft:red_carpet":1,"minecraft:apple":9,"minecraft:gray_carpet":4,"minecraft:iron_ingot":129,"minecraft:soul_sand":1,"minecraft:flowering_azalea":2,"minecraft:iron_sword":7,"minecraft:oak_slab":16,"minecraft:sweet_berries":77,"minecraft:quartz":40,"minecraft:spyglass":1,"mowziesmobs:wrought_helmet":2,"minecraft:blast_furnace":11,"minecraft:white_bed":1,"soul_like_armors_reworked:rustysteelmace":6,"minecraft:pumpkin_seeds":14,"minecraft:stone_axe":2,"minecraft:gray_banner":4,"minecraft:painting":2,"minecraft:melon_seeds":4,"minecraft:coal":60,"minecraft:ender_pearl":1},"minecraft:crafted":{"minecraft:oak_planks":4,"minecraft:glass":29,"minecraft:quartz_block":8,"minecraft:chest":3,"minecraft:smooth_quartz":3,"minecraft:crafting_table":1,"minecraft:red_wool":12,"minecraft:birch_planks":68,"minecraft:diamond_pickaxe":1,"minecraft:stick":4,"minecraft:iron_pickaxe":1,"minecraft:furnace":1,"minecraft:iron_axe":1,"minecraft:wheat":396,"minecraft:red_dye":12,"minecraft:red_bed":2,"minecraft:bucket":2,"epicsamurai:cloth":4,"minecraft:red_carpet":6,"minecraft:bread":133,"minecraft:air":0}},"DataVersion":3465}