{"stats":{"minecraft:picked_up":{"toughasnails:leaf_leggings":2,"twilightforest:lich_trophy":1,"minecraft:wheat":35,"travelersbackpack:bat":1,"twilightforest:fire_jet":2,"minecraft:chainmail_boots":1,"minecraft:flower_pot":2,"minecraft:suspicious_stew":1,"twilightforest:cracked_underbrick":5,"minecraft:sentry_armor_trim_smithing_template":2,"twilightforest:naga_trophy":1,"minecraft:lead":3,"lolmct:spruce_crafting_table":1,"minecraft:enchanted_book":2,"minecraft:potion":2,"minecraft:string":30,"twilightforest:alpha_yeti_trophy":1,"minecraft:music_disc_cat":3,"soul_like_armors_reworked:rustysteel_chestplate":2,"minecraft:armor_stand":4,"minecraft:gold_nugget":10,"minecraft:smooth_stone":1,"minecraft:bucket":6,"minecraft:spruce_planks":4,"toughasnails:leaf_boots":2,"twilightforest:gold_minotaur_axe":1,"minecraft:cobblestone_slab":4,"minecraft:calcite":5,"soul_like_armors_reworked:dagger":4,"minecraft:iron_pickaxe":6,"minecraft:smooth_quartz":91,"twilightforest:underbrick":10,"twilightforest:mossy_underbrick":2,"twilightforest:firefly_jar":8,"minecraft:iron_boots":1,"minecraft:furnace":1,"minecraft:stick":24,"minecraft:oak_fence":2,"minecraft:torch":90,"epicfight:skillbook":9,"minecraft:golden_axe":1,"minecraft:quartz_block":6,"minecraft:cactus":1,"minecraft:rotten_flesh":65,"minecraft:vex_armor_trim_smithing_template":6,"twilightforest:hydra_trophy":2,"minecraft:obsidian":21,"minecraft:iron_bars":34,"minecraft:cod":2,"minecraft:cobblestone":1378,"minecraft:birch_log":60,"minecraft:leather_chestplate":2,"twilightforest:twilight_oak_log":24,"minecraft:andesite":1,"twilightforest:twilight_oak_wood":11,"twilightforest:ironwood_pickaxe":1,"minecraft:smoker":3,"minecraft:potato":8,"toughasnails:leaf_helmet":2,"paraglider:spirit_orb":12,"minecraft:flint":2,"create:raw_zinc":2,"twilightforest:minoshroom_trophy":1,"minecraft:wither_skeleton_skull":2,"minecraft:lapis_lazuli":58,"minecraft:dirt":250,"minecraft:lantern":12,"minecraft:name_tag":2,"minecraft:bone":23,"minecraft:chipped_anvil":1,"minecraft:bow":5,"minecraft:wheat_seeds":46,"betterarcheology:archeology_table":1,"soul_like_armors_reworked:darkmoongreatsword":3,"soul_like_armors_reworked:rustysteel_boots":1,"minecraft:mossy_stone_bricks":3,"minecraft:diamond_helmet":4,"minecraft:glowstone_dust":13,"wom:diamond_legbottomseal":2,"minecraft:oak_planks":66,"minecraft:ghast_tear":3,"minecraft:music_disc_13":1,"minecraft:sand":93,"twilightforest:canopy_slab":10,"twilightforest:canopy_log":24,"epicsamurai:tanuki_statue":1,"minecraft:lily_of_the_valley":11,"toughasnails:water_purifier":3,"twilightforest:canopy_planks":41,"minecraft:diamond":28,"minecraft:soul_lantern":3,"minecraft:writable_book":1,"twilightforest:phantom_helmet":1,"minecraft:crossbow":5,"epicsamurai:jorogumo_eye":1,"minecraft:golden_apple":9,"minecraft:emerald":211,"minecraft:bread":95,"twilightforest:arctic_fur":3,"minecraft:rooted_dirt":4,"minecraft:plenty_pottery_sherd":2,"minecraft:oak_sapling":6,"minecraft:netherrack":16,"twilightforest:torchberries":6,"minecraft:diamond_pickaxe":1,"minecraft:fishing_rod":1,"minecraft:coarse_dirt":4,"minecraft:crafting_table":1,"create_new_age:thorium":19,"twilightforest:ironwood_boots":1,"minecraft:ladder":3,"minecraft:turtle_helmet":1,"minecraft:leather_leggings":4,"minecraft:brown_mushroom":7,"mowziesmobs:glowing_jelly":2,"soul_like_armors_reworked:darkknightsword":3,"minecraft:cornflower":9,"minecraft:iron_axe":1,"minecraft:flint_and_steel":1,"minecraft:item_frame":3,"twilightforest:dark_log":29,"minecraft:cracked_stone_bricks":16,"twilightforest:nagastone_head":1,"minecraft:oak_boat":1,"minecraft:player_head":4,"minecraft:iron_nugget":8,"minecraft:poppy":13,"minecraft:spruce_slab":2,"minecraft:lectern":3,"twilightforest:towerwood":5,"minecraft:chest":4,"minecraft:birch_sapling":1,"minecraft:piston":63,"minecraft:spruce_trapdoor":16,"minecraft:egg":2,"twilightforest:armor_shard":4,"minecraft:raw_iron":16,"minecraft:stone":2,"minecraft:oak_door":1,"minecraft:carrot":18,"minecraft:redstone":2,"minecraft:mangrove_trapdoor":4,"twilightforest:reappearing_block":3,"twilightforest:raw_meef":15,"twilightforest:firefly":4,"travelersbackpack:snow":1,"soul_like_armors_reworked:estusflask":60,"minecraft:tnt":28,"minecraft:arrow":92,"minecraft:stone_shovel":1,"minecraft:hay_block":74,"twilightforest:knight_phantom_trophy":2,"minecraft:gold_ingot":128,"minecraft:saddle":1,"minecraft:black_banner":2,"minecraft:mutton":19,"minecraft:oxeye_daisy":3,"minecraft:skeleton_skull":1,"minecraft:white_wool":13,"epicsamurai:kitsune_tail":2,"minecraft:birch_leaves":12,"twilightforest:knightmetal_pickaxe":1,"twilightforest:ur_ghast_trophy":3,"minecraft:red_mushroom":4,"minecraft:birch_planks":25,"twilightforest:twilight_oak_leaves":1,"minecraft:oak_log":186,"minecraft:chainmail_chestplate":1,"minecraft:lily_pad":2,"toughasnails:purified_water_bottle":6,"minecraft:cobblestone_wall":1,"minecraft:gunpowder":12,"mowziesmobs:wrought_axe":2,"another_furniture:birch_table":1,"minecraft:blue_bed":15,"minecraft:white_banner":3,"twilightforest:twilight_oak_planks":63,"minecraft:red_carpet":2,"soul_like_armors_reworked:rustyshield":1,"minecraft:gray_carpet":4,"minecraft:apple":9,"minecraft:stone_bricks":31,"minecraft:iron_ingot":129,"minecraft:iron_sword":7,"minecraft:flowering_azalea":2,"minecraft:soul_sand":1,"toughasnails:leaf_chestplate":2,"minecraft:oak_slab":16,"minecraft:sweet_berries":77,"minecraft:quartz":69,"minecraft:spyglass":1,"minecraft:gravel":48,"mowziesmobs:wrought_helmet":2,"minecraft:blast_furnace":11,"minecraft:white_bed":3,"soul_like_armors_reworked:rustysteelmace":6,"minecraft:spider_eye":6,"twilightforest:meef_stroganoff":1,"minecraft:oak_wood":2,"minecraft:pumpkin_seeds":14,"minecraft:slime_ball":8,"minecraft:stone_axe":2,"minecraft:gray_banner":5,"minecraft:painting":17,"minecraft:damaged_anvil":2,"minecraft:melon_seeds":4,"minecraft:coal":168,"minecraft:ender_pearl":1},"minecraft:dropped":{"minecraft:iron_sword":3,"twilightforest:towerwood":1,"minecraft:piston":21,"minecraft:brown_mushroom":5,"minecraft:birch_planks":20,"minecraft:oak_log":175,"wom:diamond_legbottomseal":2,"minecraft:glass_bottle":2,"minecraft:diamond":20,"soul_like_armors_reworked:darkmoongreatsword":3,"soul_like_armors_reworked:estusflask":2,"soul_like_armors_reworked:rustysteelmace":2,"minecraft:crossbow":2,"minecraft:lantern":1,"minecraft:rooted_dirt":4,"twilightforest:naga_scale":1,"minecraft:item_frame":1,"minecraft:red_mushroom":1,"paraglider:spirit_orb":2,"minecraft:cod":1,"minecraft:emerald":73,"minecraft:dirt":13,"twilightforest:ur_ghast_trophy":1,"twilightforest:firefly":3,"minecraft:cornflower":4,"twilightforest:meef_stroganoff":1,"minecraft:sand":33,"minecraft:iron_pickaxe":4,"minecraft:birch_log":43,"twilightforest:reappearing_block":3,"minecraft:armor_stand":4,"minecraft:gold_ingot":131,"minecraft:bone":10,"minecraft:gravel":24,"minecraft:stone_axe":1,"minecraft:spyglass":1,"minecraft:soul_lantern":2,"minecraft:rotten_flesh":58,"minecraft:oak_planks":11,"minecraft:white_bed":2,"twilightforest:torchberries":6,"minecraft:chainmail_chestplate":1,"minecraft:leather_chestplate":1,"twilightforest:ironwood_boots":1,"minecraft:turtle_helmet":1,"minecraft:gunpowder":3,"soul_like_armors_reworked:dagger":4,"minecraft:ladder":2,"minecraft:leather_leggings":3,"minecraft:iron_bars":13,"minecraft:arrow":30,"minecraft:glass":5,"minecraft:quartz":50,"minecraft:lectern":2,"minecraft:iron_ingot":106,"minecraft:bread":4,"minecraft:wheat_seeds":25,"minecraft:mangrove_trapdoor":4,"minecraft:iron_helmet":1,"minecraft:golden_axe":1,"minecraft:cobblestone":285,"minecraft:lead":1,"minecraft:apple":2,"mowziesmobs:wrought_axe":1,"minecraft:coal":104,"minecraft:golden_apple":3,"minecraft:stick":15,"epicsamurai:spirit_upgrade_smithing_template":1,"minecraft:smooth_quartz":29,"minecraft:diamond_helmet":1,"twilightforest:twilight_oak_planks":48,"minecraft:potion":3,"twilightforest:canopy_planks":33,"mowziesmobs:wrought_helmet":1,"minecraft:flowering_azalea":2,"minecraft:cactus":1,"minecraft:string":7,"minecraft:lily_pad":2,"minecraft:bucket":5,"minecraft:gray_carpet":3,"minecraft:sweet_berries":2,"minecraft:coarse_dirt":4,"minecraft:wild_armor_trim_smithing_template":2,"minecraft:bowl":1,"minecraft:raw_iron":3,"minecraft:pumpkin_seeds":8,"minecraft:lily_of_the_valley":2,"minecraft:potato":8,"minecraft:cobblestone_slab":2,"minecraft:stone":23,"soul_like_armors_reworked:darkknightsword":2,"minecraft:diamond_chestplate":1,"minecraft:spruce_planks":2,"minecraft:diamond_pickaxe":1,"toughasnails:purified_water_bottle":1,"minecraft:stone_bricks":3,"minecraft:bow":4,"minecraft:calcite":5,"minecraft:vex_armor_trim_smithing_template":3,"epicfight:skillbook":2},"minecraft:killed_by":{"minecraft:evoker":1,"epicsamurai:jorogumo":1,"twilightforest:skeleton_druid":1,"minecraft:creeper":2,"minecraft:pillager":5,"minecraft:drowned":1,"twilightforest:death_tome":1,"twilightforest:minotaur":4,"minecraft:vindicator":25,"twilightforest:carminite_broodling":1,"minecraft:zombie":3,"minecraft:illusioner":1,"minecraft:vex":4,"minecraft:husk":36,"minecraft:player":10,"twilightforest:naga":1,"twilightforest:fire_beetle":1,"mowziesmobs:ferrous_wroughtnaut":3,"twilightforest:knight_phantom":2,"minecraft:skeleton":4,"twilightforest:blockchain_goblin":1,"epicsamurai:kitsune":2},"minecraft:mined":{"minecraft:spruce_planks":1,"minecraft:white_bed":1,"twilightforest:rainbow_oak_leaves":1,"minecraft:obsidian":11,"twilightforest:knight_phantom_wall_trophy":2,"minecraft:spruce_trapdoor":16,"minecraft:grass_block":52,"twilightforest:minoshroom_wall_trophy":1,"minecraft:mangrove_fence":1,"minecraft:oxeye_daisy":4,"minecraft:spawner":14,"minecraft:glowstone":4,"minecraft:iron_ore":16,"minecraft:fire":59,"twilightforest:twilight_oak_wood":11,"twilightforest:reappearing_block":2,"minecraft:iron_bars":27,"twilightforest:naga_wall_trophy":1,"betterarcheology:loot_vase":2,"minecraft:player_head":1,"minecraft:quartz_block":2,"minecraft:player_wall_head":2,"minecraft:smoker":1,"minecraft:soul_lantern":1,"minecraft:torch":22,"minecraft:blast_furnace":3,"minecraft:calcite":1,"minecraft:poppy":14,"minecraft:chest":2,"twilightforest:twilight_oak_log":25,"minecraft:wither_skeleton_wall_skull":1,"minecraft:nether_quartz_ore":29,"minecraft:cobblestone":172,"minecraft:damaged_anvil":2,"minecraft:oak_planks":20,"minecraft:wall_torch":41,"minecraft:skeleton_skull":1,"minecraft:birch_log":60,"twilightforest:root":1,"minecraft:stone_brick_stairs":1,"twilightforest:twilight_oak_planks":13,"minecraft:grass":57,"minecraft:oak_log":185,"minecraft:dirt":60,"minecraft:smooth_quartz":33,"minecraft:sand":95,"minecraft:wither_skeleton_skull":1,"epicsamurai:tanuki_statue":1,"twilightforest:canopy_log":24,"minecraft:netherrack":16,"minecraft:oak_leaves":23,"create:zinc_ore":2,"minecraft:diamond_ore":2,"twilightforest:firefly":2,"twilightforest:hydra_wall_trophy":2,"minecraft:red_carpet":2,"twilightforest:alpha_yeti_wall_trophy":1,"minecraft:potted_flowering_azalea_bush":2,"twilightforest:lich_wall_trophy":1,"create_new_age:thorium_ore":7,"minecraft:mangrove_trapdoor":2,"minecraft:spruce_leaves":1,"twilightforest:nagastone_head":1,"minecraft:rooted_dirt":2,"minecraft:hay_block":75,"travelersbackpack:bat":1,"twilightforest:canopy_planks":1,"minecraft:gray_wall_banner":4,"minecraft:andesite":1,"twilightforest:smoker":1,"twilightforest:firefly_jar":7,"twilightforest:canopy_slab":7,"minecraft:cobblestone_slab":4,"minecraft:lantern":10,"minecraft:bamboo":1,"twilightforest:dark_log":29,"minecraft:stone":528,"minecraft:oak_slab":2,"betterarcheology:archeology_table":2,"minecraft:soul_sand":2,"minecraft:lily_of_the_valley":6,"minecraft:oak_fence":4,"minecraft:crafting_table":1,"minecraft:cornflower":6,"minecraft:emerald_ore":2,"minecraft:rose_bush":1,"minecraft:lectern":1,"minecraft:tall_grass":8,"minecraft:lapis_ore":8,"twilightforest:mayapple":1,"minecraft:blue_bed":14,"minecraft:birch_planks":4,"minecraft:coarse_dirt":4,"betterarcheology:loot_vase_creeper":4,"minecraft:sweet_berry_bush":25,"minecraft:black_wall_banner":1,"minecraft:birch_leaves":5,"betterarcheology:loot_vase_green":3,"minecraft:coal_ore":118,"minecraft:cyan_carpet":1,"minecraft:gravel":36,"minecraft:gray_carpet":2,"twilightforest:ur_ghast_wall_trophy":2,"minecraft:stone_bricks":8,"minecraft:chipped_anvil":1,"minecraft:fern":5},"minecraft:broken":{"toughasnails:leaf_boots":1,"toughasnails:leaf_chestplate":1,"minecraft:stone_pickaxe":1,"minecraft:iron_sword":1,"minecraft:diamond_chestplate":1,"toughasnails:leaf_leggings":1,"minecraft:diamond_leggings":1,"minecraft:leather_chestplate":1,"minecraft:shield":1,"twilightforest:steeleaf_boots":1,"minecraft:iron_axe":1,"twilightforest:steeleaf_leggings":1,"toughasnails:leaf_helmet":1},"minecraft:used":{"minecraft:ladder":1,"minecraft:poppy":3,"minecraft:shield":2,"minecraft:chest":13,"soul_like_armors_reworked:darkknightsword":232,"minecraft:iron_sword":504,"minecraft:stone":1,"minecraft:player_head":4,"twilightforest:experiment_115":27,"minecraft:mutton":3,"minecraft:lily_of_the_valley":6,"minecraft:obsidian":10,"minecraft:milk_bucket":12,"minecraft:glass":29,"minecraft:lantern":10,"twilightforest:twilight_oak_planks":108,"minecraft:quartz_block":7,"minecraft:stone_bricks":27,"minecraft:red_carpet":5,"minecraft:sweet_berries":84,"minecraft:oak_sapling":8,"minecraft:furnace":1,"minecraft:egg":1,"minecraft:skeleton_skull":1,"minecraft:gray_banner":5,"soul_like_armors_reworked:rustysteelmace":30,"twilightforest:naga_trophy":2,"minecraft:mossy_stone_bricks":3,"epicfight:skillbook":17,"minecraft:damaged_anvil":2,"minecraft:wither_skeleton_skull":2,"minecraft:stone_pickaxe":90,"minecraft:gray_carpet":1,"minecraft:oak_planks":31,"minecraft:ender_pearl":1,"minecraft:blue_bed":15,"minecraft:golden_apple":1,"minecraft:glow_berries":2,"minecraft:blast_furnace":2,"minecraft:black_banner":2,"minecraft:crossbow":4,"twilightforest:ur_ghast_trophy":2,"minecraft:bread":96,"twilightforest:maze_wafer":27,"minecraft:lectern":2,"minecraft:soul_lantern":1,"twilightforest:canopy_slab":10,"twilightforest:meef_stroganoff":1,"minecraft:bone_meal":18,"minecraft:andesite":1,"minecraft:air":8,"twilightforest:canopy_planks":18,"minecraft:experience_bottle":27,"minecraft:flint_and_steel":1,"toughasnails:water_purifier":3,"twilightforest:hydra_trophy":3,"soul_like_armors_reworked:estusflask":8,"travelersbackpack:bat":1,"twilightforest:alpha_yeti_trophy":2,"minecraft:torch":91,"minecraft:dirt":117,"betterarcheology:archeology_table":1,"soul_like_armors_reworked:dagger":252,"minecraft:chipped_anvil":1,"minecraft:iron_axe":243,"minecraft:smooth_quartz":36,"twilightforest:knight_phantom_trophy":3,"minecraft:water_bucket":40,"twilightforest:lich_trophy":1,"minecraft:birch_planks":50,"minecraft:glass_bottle":200,"minecraft:cauldron":1,"minecraft:cobblestone_slab":1,"minecraft:cracked_stone_bricks":1,"minecraft:crafting_table":2,"minecraft:red_bed":2,"minecraft:red_mushroom":1,"minecraft:white_bed":1,"epicsamurai:tanuki_statue":1,"minecraft:painting":5,"minecraft:smoker":3,"mowziesmobs:wrought_axe":370,"minecraft:oak_log":2,"minecraft:oxeye_daisy":3,"minecraft:flower_pot":2,"minecraft:cornflower":5,"minecraft:diamond_pickaxe":557,"minecraft:apple":13,"minecraft:iron_pickaxe":434,"minecraft:suspicious_stew":1,"twilightforest:minoshroom_trophy":2,"twilightforest:firefly_jar":8,"minecraft:spruce_trapdoor":10,"minecraft:stone_axe":73,"soul_like_armors_reworked:darkmoongreatsword":472,"minecraft:cobblestone":96,"twilightforest:underbrick":4,"minecraft:potion":190,"toughasnails:purified_water_bottle":10,"minecraft:white_banner":3,"minecraft:bucket":39,"another_furniture:birch_table":4,"minecraft:pumpkin_pie":2},"minecraft:custom":{"minecraft:interact_with_crafting_table":66,"minecraft:open_barrel":9,"twilightforest:e115_slices_eaten":25,"minecraft:leave_game":14,"minecraft:time_since_death":47380,"minecraft:damage_resisted":208,"minecraft:sprint_one_cm":3456835,"minecraft:damage_blocked_by_shield":350,"minecraft:drop":234,"minecraft:talked_to_villager":8,"minecraft:play_time":916817,"minecraft:deaths":153,"minecraft:jump":10775,"minecraft:walk_on_water_one_cm":187542,"minecraft:enchant_item":2,"minecraft:interact_with_furnace":30,"twilightforest:uncrafting_table_interactions":1,"minecraft:traded_with_villager":1,"minecraft:sleep_in_bed":38,"minecraft:damage_dealt":62736,"minecraft:player_kills":9,"minecraft:crouch_one_cm":66836,"minecraft:interact_with_smoker":7,"minecraft:use_cauldron":6,"minecraft:horse_one_cm":6442,"minecraft:interact_with_anvil":10,"minecraft:mob_kills":248,"minecraft:inspect_hopper":1,"minecraft:fill_cauldron":4,"minecraft:damage_dealt_resisted":31,"minecraft:climb_one_cm":74202,"minecraft:walk_one_cm":5634754,"minecraft:damage_dealt_absorbed":18,"minecraft:sneak_time":14639,"minecraft:walk_under_water_one_cm":77579,"minecraft:boat_one_cm":272376,"minecraft:interact_with_blast_furnace":6,"minecraft:total_world_time":916817,"twilightforest:trophy_pedestals_activated":3,"minecraft:pot_flower":1,"minecraft:time_since_rest":27546,"minecraft:damage_absorbed":40,"minecraft:damage_taken":46174,"minecraft:trigger_trapped_chest":2,"minecraft:swim_one_cm":227713,"minecraft:fly_one_cm":12059335,"minecraft:open_chest":490,"minecraft:fall_one_cm":220175},"minecraft:killed":{"minecraft:cave_spider":3,"twilightforest:alpha_yeti":1,"minecraft:spider":9,"twilightforest:carminite_broodling":10,"minecraft:skeleton":21,"twilightforest:pinch_beetle":1,"twilightforest:carminite_ghastling":8,"twilightforest:carminite_golem":1,"twilightforest:slime_beetle":7,"twilightforest:minotaur":16,"twilightforest:hydra":1,"minecraft:creeper":6,"twilightforest:king_spider":1,"twilightforest:skeleton_druid":8,"minecraft:sheep":13,"minecraft:pillager":13,"twilightforest:redcap":1,"twilightforest:upper_goblin_knight":2,"minecraft:zombie":19,"twilightforest:knight_phantom":2,"twilightforest:ur_ghast":1,"mowziesmobs:umvuthana_raptor":1,"minecraft:blaze":1,"minecraft:evoker":1,"minecraft:vex":1,"minecraft:vindicator":15,"twilightforest:swarm_spider":1,"twilightforest:hedge_spider":2,"twilightforest:blockchain_goblin":1,"minecraft:husk":39,"twilightforest:helmet_crab":2,"twilightforest:kobold":8,"twilightforest:redcap_sapper":3,"minecraft:frog":7,"mowziesmobs:umvuthana_follower_raptor":1,"twilightforest:yeti":3},"minecraft:crafted":{"minecraft:oak_planks":44,"minecraft:stone":28,"another_furniture:birch_table":3,"minecraft:quartz_block":8,"minecraft:glass":47,"minecraft:diamond_leggings":1,"twilightforest:canopy_slab":6,"minecraft:chest":9,"minecraft:cauldron":1,"minecraft:smooth_quartz":3,"minecraft:crafting_table":1,"soul_like_armors_reworked:darkmoongreatsword":1,"minecraft:red_wool":12,"minecraft:birch_planks":68,"minecraft:diamond_pickaxe":1,"toughasnails:water_purifier":1,"minecraft:shield":1,"minecraft:stick":4,"minecraft:iron_pickaxe":1,"minecraft:iron_block":1,"minecraft:furnace":1,"minecraft:bone_meal":18,"twilightforest:steeleaf_leggings":1,"minecraft:flint_and_steel":1,"twilightforest:twilight_oak_planks":140,"minecraft:iron_axe":1,"twilightforest:canopy_planks":96,"minecraft:wheat":396,"minecraft:red_dye":12,"minecraft:diamond_sword":1,"minecraft:red_bed":2,"minecraft:bucket":2,"epicsamurai:cloth":4,"minecraft:red_carpet":6,"minecraft:enchanted_book":1,"minecraft:air":0,"minecraft:bread":135}},"DataVersion":3465}