{"stats":{"minecraft:broken":{"minecraft:leather_leggings":1,"minecraft:iron_leggings":1,"minecraft:shield":1,"soul_like_armors_reworked:rustysteel_helmet":2},"minecraft:killed_by":{"minecraft:creeper":2,"minecraft:pillager":2,"minecraft:vindicator":4,"minecraft:zombie":8,"minecraft:husk":42,"minecraft:player":7,"minecraft:stray":2,"mowziesmobs:ferrous_wroughtnaut":3,"minecraft:skeleton":1},"minecraft:killed":{"minecraft:spider":4,"minecraft:skeleton":26,"minecraft:chicken":1,"mowziesmobs:foliaath":1,"minecraft:wolf":1,"minecraft:magma_cube":3,"epicsamurai:kitsune":1,"epicsamurai:jorogumo":1,"minecraft:creeper":10,"minecraft:sheep":6,"mowziesmobs:lantern":1,"minecraft:pillager":36,"minecraft:zombie":40,"minecraft:cow":10,"minecraft:vindicator":3,"mowziesmobs:ferrous_wroughtnaut":1,"minecraft:drowned":3,"minecraft:husk":19,"minecraft:frog":4,"mowziesmobs:umvuthana_follower_raptor":4,"naturalist:sparrow":1},"minecraft:dropped":{"minecraft:iron_sword":1,"minecraft:brown_mushroom":1,"minecraft:glass_bottle":3,"minecraft:leather":6,"minecraft:dirt":3,"minecraft:pumpkin_pie":1,"minecraft:gold_nugget":4,"minecraft:iron_pickaxe":1,"minecraft:bone":3,"minecraft:gold_ingot":9,"minecraft:gravel":5,"minecraft:stone_axe":2,"minecraft:spyglass":2,"minecraft:rotten_flesh":51,"minecraft:oak_planks":35,"minecraft:cooked_mutton":2,"minecraft:leather_chestplate":2,"minecraft:gunpowder":14,"minecraft:oak_wood":5,"minecraft:beetroot_seeds":10,"minecraft:iron_bars":4,"minecraft:arrow":1,"minecraft:stone_hoe":1,"minecraft:bread":21,"minecraft:wheat_seeds":6,"minecraft:feather":2,"minecraft:cobblestone":55,"mowziesmobs:wrought_axe":1,"minecraft:diorite":4,"minecraft:torch":13,"epicsamurai:jorogumo_eye":1,"minecraft:smooth_stone":2,"minecraft:string":2,"create:raw_zinc":7,"minecraft:kelp":16,"minecraft:stone_sword":2,"minecraft:dark_oak_sign":14,"minecraft:stone_shovel":2,"minecraft:stripped_oak_log":1,"minecraft:potato":6,"minecraft:spruce_boat":1,"minecraft:diamond_pickaxe":1,"minecraft:wooden_pickaxe":1,"epicfight:skillbook":2},"minecraft:custom":{"minecraft:interact_with_crafting_table":60,"minecraft:open_barrel":41,"minecraft:leave_game":3,"minecraft:time_since_death":42959,"minecraft:sprint_one_cm":1924833,"minecraft:damage_blocked_by_shield":715,"minecraft:drop":79,"minecraft:talked_to_villager":2,"minecraft:play_time":547548,"minecraft:deaths":85,"minecraft:jump":9065,"minecraft:walk_on_water_one_cm":73075,"minecraft:interact_with_furnace":80,"minecraft:sleep_in_bed":23,"minecraft:damage_dealt":43833,"minecraft:player_kills":6,"minecraft:crouch_one_cm":29187,"minecraft:interact_with_smoker":23,"minecraft:horse_one_cm":3239,"minecraft:mob_kills":184,"minecraft:interact_with_campfire":1,"minecraft:damage_dealt_resisted":16,"minecraft:climb_one_cm":77400,"minecraft:walk_one_cm":2637002,"minecraft:damage_dealt_absorbed":1690,"minecraft:sneak_time":4669,"minecraft:walk_under_water_one_cm":52033,"minecraft:boat_one_cm":40924,"minecraft:interact_with_lectern":1,"minecraft:interact_with_blast_furnace":8,"minecraft:total_world_time":547548,"minecraft:time_since_rest":24371,"minecraft:damage_absorbed":9535,"minecraft:damage_taken":22995,"minecraft:swim_one_cm":194511,"minecraft:fly_one_cm":3156029,"minecraft:open_chest":195,"minecraft:fall_one_cm":209324},"minecraft:mined":{"minecraft:dark_oak_planks":1,"minecraft:spruce_planks":20,"minecraft:white_bed":9,"minecraft:spruce_trapdoor":1,"minecraft:stripped_crimson_hyphae":2,"minecraft:grass_block":18,"minecraft:infested_cobblestone":1,"minecraft:yellow_carpet":1,"minecraft:coal_block":12,"betterarcheology:rotten_pressure_plate":2,"minecraft:spawner":15,"minecraft:smooth_stone":1,"epicsamurai:deepslate_jade_ore":1,"minecraft:iron_ore":28,"minecraft:fire":1,"minecraft:nether_brick_stairs":4,"minecraft:dark_oak_stairs":1,"minecraft:iron_bars":4,"betterarcheology:loot_vase":2,"minecraft:spruce_slab":1,"minecraft:tripwire":10,"minecraft:smoker":2,"lolmct:spruce_crafting_table":7,"minecraft:torch":36,"minecraft:blast_furnace":24,"minecraft:calcite":10,"minecraft:poppy":3,"minecraft:polished_andesite_stairs":1,"minecraft:chest":2,"minecraft:nether_brick_slab":1,"minecraft:cobblestone":10,"minecraft:oak_planks":90,"minecraft:wall_torch":7,"minecraft:seagrass":1,"minecraft:lilac":2,"minecraft:tnt":4,"minecraft:grass":10,"minecraft:oak_log":190,"minecraft:sand":15,"minecraft:dirt":31,"minecraft:netherrack":2,"minecraft:deepslate":128,"minecraft:oak_leaves":27,"minecraft:emerald_block":4,"minecraft:gray_candle":1,"create:zinc_ore":7,"minecraft:stripped_mangrove_log":9,"minecraft:glow_lichen":1,"minecraft:ladder":16,"minecraft:dark_oak_fence":6,"minecraft:decorated_pot":1,"minecraft:mangrove_trapdoor":1,"minecraft:spruce_leaves":2,"minecraft:hay_block":15,"minecraft:furnace":6,"minecraft:andesite":1,"minecraft:stripped_spruce_log":2,"minecraft:gold_block":8,"minecraft:bookshelf":37,"minecraft:vine":2,"minecraft:lantern":18,"minecraft:stripped_oak_log":5,"minecraft:stone":1254,"minecraft:white_wool":2,"minecraft:oak_slab":1,"minecraft:mangrove_stairs":2,"minecraft:lily_of_the_valley":2,"toughasnails:water_purifier":1,"minecraft:dandelion":6,"minecraft:cornflower":1,"minecraft:rose_bush":1,"minecraft:lectern":1,"minecraft:tall_grass":4,"minecraft:copper_ore":6,"minecraft:diorite":3,"minecraft:blue_bed":2,"minecraft:spruce_stairs":1,"betterarcheology:loot_vase_creeper":9,"minecraft:white_carpet":1,"minecraft:spruce_log":103,"betterarcheology:loot_vase_green":14,"minecraft:coal_ore":75,"minecraft:gravel":40,"minecraft:cyan_carpet":1,"minecraft:cracked_stone_bricks":1,"minecraft:terracotta":1,"minecraft:polished_andesite":3,"minecraft:stone_bricks":41,"minecraft:mossy_stone_bricks":3,"minecraft:iron_trapdoor":1},"minecraft:used":{"lolmct:spruce_crafting_table":14,"minecraft:polished_deepslate":51,"minecraft:spruce_slab":1,"minecraft:ladder":32,"minecraft:chest":7,"minecraft:shield":13,"minecraft:stone":11,"minecraft:iron_sword":591,"minecraft:rotten_flesh":14,"minecraft:snowball":31,"minecraft:milk_bucket":9,"minecraft:spruce_boat":4,"minecraft:mangrove_stairs":2,"minecraft:lantern":19,"minecraft:stone_bricks":173,"minecraft:item_frame":1,"minecraft:stripped_mangrove_log":9,"minecraft:bow":10,"minecraft:hay_block":5,"minecraft:sweet_berries":3,"minecraft:oak_sapling":3,"minecraft:furnace":10,"mowziesmobs:foliaath_seed":2,"epicfight:skillbook":9,"minecraft:dark_oak_stairs":1,"minecraft:stone_pickaxe":36,"minecraft:oak_planks":124,"minecraft:wooden_pickaxe":9,"minecraft:leather_chestplate":1,"minecraft:blue_bed":2,"minecraft:diamond_axe":478,"minecraft:white_wool":3,"minecraft:blast_furnace":1,"minecraft:bread":50,"minecraft:cyan_carpet":2,"minecraft:soul_lantern":1,"minecraft:dark_oak_fence":2,"minecraft:andesite":1,"minecraft:air":10,"minecraft:bone_meal":16,"minecraft:rose_bush":1,"minecraft:iron_bars":2,"toughasnails:water_purifier":1,"minecraft:stone_shovel":9,"minecraft:spruce_planks":129,"minecraft:mangrove_fence":1,"soul_like_armors_reworked:estusflask":1,"minecraft:stone_hoe":12,"minecraft:torch":84,"minecraft:dirt":61,"minecraft:spyglass":26,"minecraft:white_carpet":1,"minecraft:nether_brick_slab":1,"minecraft:nether_brick_stairs":2,"minecraft:wooden_axe":30,"soul_like_armors_reworked:dagger":13,"soul_like_armors_reworked:rustysteel_chestplate":1,"minecraft:diamond_chestplate":1,"minecraft:cooked_beef":9,"minecraft:calcite":3,"minecraft:cooked_mutton":3,"minecraft:baked_potato":3,"minecraft:glass_bottle":87,"minecraft:polished_andesite":2,"soul_like_armors_reworked:rustyshield":1,"minecraft:mangrove_trapdoor":1,"minecraft:terracotta":13,"minecraft:tnt":6,"minecraft:crafting_table":3,"minecraft:white_bed":12,"minecraft:spruce_log":4,"minecraft:smoker":2,"mowziesmobs:wrought_axe":123,"minecraft:oak_log":102,"minecraft:diamond_pickaxe":1539,"minecraft:apple":1,"minecraft:diamond_shovel":62,"minecraft:iron_pickaxe":122,"minecraft:gray_candle":3,"minecraft:spruce_sapling":2,"minecraft:stone_axe":168,"minecraft:cobblestone":24,"minecraft:potion":82,"toughasnails:purified_water_bottle":3,"minecraft:red_banner":1,"minecraft:pumpkin_pie":1,"minecraft:stripped_oak_log":3},"minecraft:picked_up":{"minecraft:wooden_axe":5,"minecraft:wheat":21,"lolmct:spruce_crafting_table":10,"minecraft:potion":5,"minecraft:enchanted_book":1,"soul_like_armors_reworked:rustysteel_chestplate":2,"minecraft:string":31,"minecraft:raw_copper":20,"minecraft:cobbled_deepslate":128,"minecraft:gold_nugget":9,"minecraft:smooth_stone":2,"minecraft:bucket":1,"minecraft:spruce_planks":47,"minecraft:rose_bush":2,"minecraft:calcite":3,"minecraft:enchanted_golden_apple":1,"minecraft:coal_block":12,"minecraft:furnace":5,"minecraft:stick":3,"minecraft:torch":58,"epicfight:skillbook":11,"minecraft:diorite":6,"minecraft:stone_sword":2,"minecraft:mangrove_stairs":2,"minecraft:rotten_flesh":112,"minecraft:vex_armor_trim_smithing_template":3,"minecraft:obsidian":10,"minecraft:iron_bars":4,"minecraft:snowball":78,"minecraft:cobblestone":1385,"minecraft:birch_log":43,"minecraft:cooked_beef":1,"minecraft:leather_chestplate":2,"minecraft:feather":2,"minecraft:lilac":2,"minecraft:andesite":1,"minecraft:smoker":1,"minecraft:potato":9,"paraglider:spirit_orb":10,"create:raw_zinc":7,"minecraft:lapis_lazuli":7,"minecraft:dirt":112,"minecraft:lantern":19,"minecraft:mangrove_fence":1,"minecraft:bone":47,"minecraft:wheat_seeds":8,"betterarcheology:archeology_table":2,"minecraft:dark_oak_sign":14,"soul_like_armors_reworked:rustysteel_boots":4,"minecraft:gray_candle":3,"wom:diamond_legbottomseal":3,"minecraft:oak_planks":56,"minecraft:music_disc_13":1,"betterarcheology:artifact_shards":2,"minecraft:sand":15,"minecraft:stripped_spruce_log":2,"minecraft:nether_brick_stairs":4,"minecraft:lily_of_the_valley":1,"minecraft:polished_andesite":2,"soul_like_armors_reworked:dark_knight_boots":1,"minecraft:diamond":20,"minecraft:spruce_boat":1,"minecraft:soul_lantern":1,"epicsamurai:jorogumo_eye":3,"minecraft:golden_apple":6,"minecraft:emerald":90,"minecraft:golden_horse_armor":2,"minecraft:bread":1,"minecraft:oak_sapling":6,"minecraft:dark_oak_fence":5,"minecraft:diamond_pickaxe":1,"minecraft:fishing_rod":1,"minecraft:charcoal":2,"minecraft:ladder":19,"minecraft:leather_leggings":1,"minecraft:brown_mushroom":5,"minecraft:wooden_pickaxe":5,"mowziesmobs:glowing_jelly":4,"minecraft:gold_block":8,"minecraft:stripped_mangrove_log":9,"minecraft:cornflower":1,"minecraft:item_frame":1,"minecraft:white_carpet":1,"minecraft:cyan_carpet":2,"minecraft:beef":11,"minecraft:poppy":3,"minecraft:spruce_slab":1,"minecraft:lectern":1,"minecraft:chest":1,"minecraft:stripped_crimson_hyphae":2,"minecraft:raw_iron":33,"minecraft:carrot":41,"minecraft:redstone":8,"soul_like_armors_reworked:rustysteel_helmet":2,"minecraft:mangrove_trapdoor":1,"minecraft:tnt":31,"soul_like_armors_reworked:estusflask":60,"minecraft:stone_shovel":1,"minecraft:arrow":143,"minecraft:diamond_chestplate":1,"minecraft:beetroot_seeds":36,"minecraft:pumpkin_pie":3,"minecraft:hay_block":15,"minecraft:saddle":5,"minecraft:gold_ingot":210,"minecraft:mutton":7,"minecraft:white_wool":7,"epicsamurai:kitsune_tail":2,"epicsamurai:kitsune_hide":1,"minecraft:stripped_oak_log":5,"epicsamurai:spirit_upgrade_smithing_template":1,"minecraft:leather":25,"minecraft:red_mushroom":1,"minecraft:oak_log":232,"minecraft:gunpowder":39,"mowziesmobs:wrought_axe":2,"minecraft:blue_bed":2,"minecraft:cooked_mutton":4,"soul_like_armors_reworked:rustyshield":1,"minecraft:apple":3,"minecraft:stone_bricks":31,"minecraft:kelp":16,"mowziesmobs:foliaath_seed":1,"minecraft:wild_armor_trim_smithing_template":2,"minecraft:iron_ingot":244,"minecraft:stone_pickaxe":5,"minecraft:glass_bottle":3,"minecraft:iron_sword":2,"minecraft:dark_oak_stairs":1,"minecraft:book":111,"minecraft:emerald_block":4,"minecraft:sweet_berries":49,"minecraft:spyglass":2,"minecraft:quartz":39,"minecraft:dandelion":6,"minecraft:gravel":37,"minecraft:spruce_sapling":2,"minecraft:red_banner":1,"minecraft:blast_furnace":24,"minecraft:white_bed":10,"minecraft:spruce_log":103,"minecraft:nether_brick_slab":1,"minecraft:oak_wood":5,"minecraft:stone_axe":1,"minecraft:gray_banner":1,"minecraft:iron_helmet":1,"mowziesmobs:umvuthana_mask_fear":1,"minecraft:terracotta":13,"minecraft:melon_seeds":3,"minecraft:coal":109},"minecraft:crafted":{"minecraft:oak_planks":256,"minecraft:stone":304,"minecraft:diamond_shovel":1,"minecraft:cooked_mutton":7,"minecraft:glass":14,"minecraft:chest":6,"minecraft:stone_hoe":1,"minecraft:stone_bricks":252,"minecraft:smoker":1,"minecraft:glass_bottle":9,"minecraft:emerald":36,"minecraft:diamond_axe":1,"minecraft:crafting_table":3,"minecraft:spruce_planks":276,"minecraft:wooden_pickaxe":1,"minecraft:baked_potato":3,"minecraft:charcoal":3,"minecraft:diamond_pickaxe":1,"toughasnails:water_purifier":1,"minecraft:stick":96,"minecraft:iron_pickaxe":1,"lolmct:spruce_crafting_table":9,"minecraft:gold_ingot":70,"minecraft:coal":108,"minecraft:stone_shovel":1,"minecraft:furnace":6,"minecraft:bone_meal":63,"soul_like_armors_reworked:rustysteel_boots":2,"minecraft:polished_deepslate":128,"minecraft:ladder":21,"minecraft:stone_pickaxe":1,"minecraft:spruce_boat":4,"minecraft:wheat":90,"minecraft:cooked_beef":10,"paraglider:paraglider":1,"minecraft:iron_sword":1,"minecraft:stone_axe":4,"minecraft:bread":30,"minecraft:air":0,"minecraft:white_wool":3,"minecraft:wooden_axe":1,"minecraft:white_bed":2,"minecraft:torch":40}},"DataVersion":3465}