{"stats":{"minecraft:custom":{"minecraft:interact_with_crafting_table":49,"minecraft:open_barrel":27,"minecraft:leave_game":1,"minecraft:time_since_death":1244,"minecraft:sprint_one_cm":1174122,"minecraft:damage_blocked_by_shield":715,"minecraft:drop":46,"minecraft:talked_to_villager":2,"minecraft:play_time":338012,"minecraft:deaths":77,"minecraft:jump":5634,"minecraft:walk_on_water_one_cm":52421,"minecraft:interact_with_furnace":47,"minecraft:sleep_in_bed":20,"minecraft:damage_dealt":33989,"minecraft:player_kills":5,"minecraft:crouch_one_cm":23218,"minecraft:interact_with_smoker":14,"minecraft:mob_kills":126,"minecraft:interact_with_campfire":1,"minecraft:climb_one_cm":50593,"minecraft:walk_one_cm":1531801,"minecraft:damage_dealt_absorbed":870,"minecraft:sneak_time":3690,"minecraft:walk_under_water_one_cm":30617,"minecraft:boat_one_cm":40924,"minecraft:interact_with_lectern":1,"minecraft:interact_with_blast_furnace":7,"minecraft:total_world_time":338012,"minecraft:time_since_rest":1279,"minecraft:damage_absorbed":4524,"minecraft:damage_taken":20901,"minecraft:swim_one_cm":107481,"minecraft:fly_one_cm":1871828,"minecraft:open_chest":99,"minecraft:fall_one_cm":132183},"minecraft:crafted":{"minecraft:oak_planks":164,"minecraft:stone":178,"minecraft:diamond_shovel":1,"minecraft:cooked_mutton":2,"minecraft:glass":14,"minecraft:chest":4,"minecraft:stone_hoe":1,"minecraft:glass_bottle":9,"minecraft:emerald":36,"minecraft:diamond_axe":1,"minecraft:crafting_table":1,"minecraft:spruce_planks":148,"minecraft:wooden_pickaxe":1,"minecraft:baked_potato":3,"minecraft:diamond_pickaxe":1,"minecraft:charcoal":3,"toughasnails:water_purifier":1,"minecraft:stick":80,"minecraft:iron_pickaxe":1,"lolmct:spruce_crafting_table":8,"minecraft:gold_ingot":61,"minecraft:coal":18,"minecraft:stone_shovel":1,"minecraft:furnace":5,"minecraft:bone_meal":63,"soul_like_armors_reworked:rustysteel_boots":2,"minecraft:ladder":21,"minecraft:stone_pickaxe":1,"minecraft:spruce_boat":4,"minecraft:wheat":90,"minecraft:iron_sword":1,"minecraft:stone_axe":4,"minecraft:bread":30,"minecraft:air":0,"minecraft:white_wool":3,"minecraft:wooden_axe":1,"minecraft:white_bed":1,"minecraft:torch":20},"minecraft:killed":{"minecraft:spider":3,"minecraft:skeleton":15,"minecraft:chicken":1,"mowziesmobs:foliaath":1,"minecraft:magma_cube":3,"epicsamurai:kitsune":1,"epicsamurai:jorogumo":1,"minecraft:creeper":6,"mowziesmobs:lantern":1,"minecraft:sheep":2,"minecraft:pillager":31,"minecraft:zombie":31,"minecraft:cow":1,"minecraft:vindicator":3,"mowziesmobs:ferrous_wroughtnaut":1,"minecraft:drowned":3,"minecraft:husk":17},"minecraft:used":{"lolmct:spruce_crafting_table":13,"minecraft:spruce_slab":1,"minecraft:ladder":32,"minecraft:chest":4,"minecraft:shield":13,"minecraft:stone":9,"minecraft:iron_sword":479,"minecraft:rotten_flesh":14,"minecraft:snowball":31,"minecraft:spruce_boat":4,"minecraft:mangrove_stairs":2,"minecraft:lantern":19,"minecraft:item_frame":1,"minecraft:stripped_mangrove_log":9,"minecraft:bow":10,"minecraft:hay_block":5,"minecraft:sweet_berries":3,"minecraft:furnace":5,"minecraft:oak_sapling":3,"mowziesmobs:foliaath_seed":2,"minecraft:dark_oak_stairs":1,"epicfight:skillbook":9,"minecraft:stone_pickaxe":36,"minecraft:oak_planks":46,"minecraft:leather_chestplate":1,"minecraft:wooden_pickaxe":9,"minecraft:blue_bed":2,"minecraft:diamond_axe":75,"minecraft:white_wool":3,"minecraft:blast_furnace":1,"minecraft:bread":36,"minecraft:cyan_carpet":2,"minecraft:soul_lantern":1,"minecraft:dark_oak_fence":2,"minecraft:andesite":1,"minecraft:air":6,"minecraft:bone_meal":16,"minecraft:rose_bush":1,"minecraft:iron_bars":2,"toughasnails:water_purifier":1,"minecraft:stone_shovel":9,"minecraft:spruce_planks":52,"minecraft:mangrove_fence":1,"minecraft:stone_hoe":12,"minecraft:torch":26,"minecraft:dirt":60,"minecraft:spyglass":26,"minecraft:white_carpet":1,"minecraft:nether_brick_slab":1,"minecraft:nether_brick_stairs":2,"minecraft:wooden_axe":30,"soul_like_armors_reworked:dagger":13,"soul_like_armors_reworked:rustysteel_chestplate":1,"minecraft:diamond_chestplate":1,"minecraft:cooked_beef":1,"minecraft:calcite":3,"minecraft:cooked_mutton":3,"minecraft:glass_bottle":54,"minecraft:polished_andesite":2,"soul_like_armors_reworked:rustyshield":1,"minecraft:mangrove_trapdoor":1,"minecraft:tnt":1,"minecraft:crafting_table":1,"minecraft:white_bed":11,"minecraft:smoker":1,"minecraft:spruce_log":4,"mowziesmobs:wrought_axe":57,"minecraft:diamond_pickaxe":565,"minecraft:apple":1,"minecraft:diamond_shovel":3,"minecraft:iron_pickaxe":122,"minecraft:spruce_sapling":2,"minecraft:stone_axe":168,"minecraft:cobblestone":22,"minecraft:potion":47,"toughasnails:purified_water_bottle":3,"minecraft:red_banner":1,"minecraft:pumpkin_pie":1},"minecraft:picked_up":{"minecraft:wooden_axe":5,"minecraft:wheat":21,"lolmct:spruce_crafting_table":10,"minecraft:potion":1,"minecraft:string":31,"soul_like_armors_reworked:rustysteel_chestplate":1,"minecraft:gold_nugget":4,"minecraft:smooth_stone":1,"minecraft:spruce_planks":39,"minecraft:rose_bush":2,"minecraft:calcite":3,"minecraft:enchanted_golden_apple":1,"minecraft:coal_block":2,"minecraft:stick":2,"minecraft:torch":11,"epicfight:skillbook":8,"minecraft:diorite":1,"minecraft:stone_sword":2,"minecraft:mangrove_stairs":2,"minecraft:rotten_flesh":77,"minecraft:vex_armor_trim_smithing_template":3,"minecraft:snowball":78,"minecraft:iron_bars":4,"minecraft:cobblestone":556,"minecraft:leather_chestplate":2,"minecraft:cooked_beef":1,"minecraft:lilac":2,"minecraft:andesite":1,"minecraft:smoker":1,"minecraft:potato":6,"minecraft:dirt":95,"minecraft:lantern":19,"minecraft:mangrove_fence":1,"minecraft:bone":35,"minecraft:wheat_seeds":3,"betterarcheology:archeology_table":1,"soul_like_armors_reworked:rustysteel_boots":3,"wom:diamond_legbottomseal":2,"minecraft:oak_planks":11,"minecraft:sand":15,"minecraft:stripped_spruce_log":2,"minecraft:nether_brick_stairs":4,"minecraft:lily_of_the_valley":1,"minecraft:polished_andesite":2,"soul_like_armors_reworked:dark_knight_boots":1,"minecraft:diamond":20,"minecraft:spruce_boat":1,"minecraft:soul_lantern":1,"epicsamurai:jorogumo_eye":2,"minecraft:golden_apple":5,"minecraft:emerald":90,"minecraft:bread":1,"minecraft:oak_sapling":3,"minecraft:dark_oak_fence":5,"minecraft:charcoal":2,"minecraft:ladder":19,"minecraft:leather_leggings":1,"minecraft:brown_mushroom":5,"minecraft:wooden_pickaxe":5,"minecraft:gold_block":7,"mowziesmobs:glowing_jelly":2,"minecraft:stripped_mangrove_log":9,"minecraft:cornflower":1,"minecraft:white_carpet":1,"minecraft:item_frame":1,"minecraft:cyan_carpet":2,"minecraft:beef":1,"minecraft:poppy":3,"minecraft:spruce_slab":1,"minecraft:raw_iron":22,"minecraft:stripped_crimson_hyphae":2,"minecraft:carrot":6,"soul_like_armors_reworked:rustysteel_helmet":2,"minecraft:mangrove_trapdoor":1,"soul_like_armors_reworked:estusflask":54,"minecraft:diamond_chestplate":1,"minecraft:arrow":65,"minecraft:stone_shovel":1,"minecraft:beetroot_seeds":12,"minecraft:pumpkin_pie":1,"minecraft:hay_block":15,"minecraft:saddle":4,"minecraft:gold_ingot":133,"minecraft:mutton":3,"minecraft:white_wool":4,"epicsamurai:kitsune_tail":2,"epicsamurai:kitsune_hide":1,"epicsamurai:spirit_upgrade_smithing_template":1,"minecraft:leather":10,"minecraft:red_mushroom":1,"minecraft:oak_log":41,"minecraft:gunpowder":34,"mowziesmobs:wrought_axe":2,"minecraft:blue_bed":2,"minecraft:cooked_mutton":3,"soul_like_armors_reworked:rustyshield":1,"minecraft:kelp":16,"mowziesmobs:foliaath_seed":1,"minecraft:wild_armor_trim_smithing_template":2,"minecraft:iron_ingot":106,"minecraft:stone_pickaxe":5,"minecraft:iron_sword":1,"minecraft:dark_oak_stairs":1,"minecraft:emerald_block":4,"minecraft:sweet_berries":49,"minecraft:dandelion":6,"minecraft:quartz":39,"minecraft:spyglass":2,"minecraft:red_banner":1,"minecraft:spruce_sapling":2,"minecraft:blast_furnace":9,"minecraft:white_bed":10,"minecraft:spruce_log":42,"minecraft:nether_brick_slab":1,"minecraft:oak_wood":5,"minecraft:stone_axe":1,"minecraft:iron_helmet":1,"minecraft:coal":64},"minecraft:broken":{"minecraft:leather_leggings":1,"minecraft:iron_leggings":1,"minecraft:shield":1,"soul_like_armors_reworked:rustysteel_helmet":2},"minecraft:dropped":{"minecraft:iron_sword":1,"minecraft:brown_mushroom":1,"minecraft:leather":6,"minecraft:dirt":2,"minecraft:gold_nugget":4,"minecraft:pumpkin_pie":1,"minecraft:iron_pickaxe":1,"minecraft:bone":3,"minecraft:stone_axe":2,"minecraft:spyglass":2,"minecraft:rotten_flesh":23,"minecraft:oak_planks":34,"minecraft:cooked_mutton":2,"minecraft:leather_chestplate":2,"minecraft:gunpowder":9,"minecraft:oak_wood":5,"minecraft:beetroot_seeds":10,"minecraft:iron_bars":4,"minecraft:bread":21,"minecraft:cobblestone":1,"mowziesmobs:wrought_axe":1,"epicsamurai:jorogumo_eye":1,"minecraft:smooth_stone":1,"minecraft:kelp":16,"minecraft:stone_sword":2,"minecraft:stone_shovel":2,"minecraft:potato":3,"minecraft:spruce_boat":1,"minecraft:wooden_pickaxe":1,"epicfight:skillbook":2},"minecraft:mined":{"minecraft:spruce_planks":12,"minecraft:white_bed":9,"minecraft:stripped_crimson_hyphae":2,"minecraft:grass_block":17,"minecraft:infested_cobblestone":1,"minecraft:coal_block":2,"betterarcheology:rotten_pressure_plate":2,"minecraft:spawner":10,"minecraft:smooth_stone":1,"minecraft:iron_ore":19,"minecraft:nether_brick_stairs":4,"minecraft:dark_oak_stairs":1,"minecraft:iron_bars":3,"minecraft:spruce_slab":1,"minecraft:tripwire":10,"minecraft:smoker":2,"lolmct:spruce_crafting_table":7,"minecraft:torch":9,"minecraft:blast_furnace":9,"minecraft:poppy":3,"minecraft:calcite":2,"minecraft:nether_brick_slab":1,"minecraft:cobblestone":9,"minecraft:oak_planks":12,"minecraft:wall_torch":3,"minecraft:seagrass":1,"minecraft:lilac":2,"minecraft:grass":5,"minecraft:oak_log":44,"minecraft:sand":15,"minecraft:dirt":30,"minecraft:netherrack":1,"minecraft:oak_leaves":1,"minecraft:emerald_block":4,"minecraft:stripped_mangrove_log":9,"minecraft:ladder":16,"minecraft:dark_oak_fence":6,"minecraft:decorated_pot":1,"minecraft:mangrove_trapdoor":1,"minecraft:spruce_leaves":2,"minecraft:hay_block":15,"minecraft:furnace":1,"minecraft:andesite":1,"minecraft:stripped_spruce_log":2,"minecraft:gold_block":7,"minecraft:lantern":18,"minecraft:stone":552,"minecraft:white_wool":2,"minecraft:oak_slab":1,"minecraft:mangrove_stairs":2,"minecraft:lily_of_the_valley":2,"toughasnails:water_purifier":1,"minecraft:dandelion":6,"minecraft:cornflower":1,"minecraft:rose_bush":1,"minecraft:tall_grass":4,"minecraft:diorite":1,"minecraft:blue_bed":2,"minecraft:spruce_stairs":1,"betterarcheology:loot_vase_creeper":4,"minecraft:white_carpet":1,"minecraft:spruce_log":42,"betterarcheology:loot_vase_green":14,"minecraft:coal_ore":51,"minecraft:cyan_carpet":1,"minecraft:stone_bricks":2,"minecraft:polished_andesite":3},"minecraft:killed_by":{"minecraft:creeper":2,"minecraft:pillager":2,"minecraft:vindicator":4,"minecraft:zombie":7,"minecraft:husk":37,"minecraft:player":6,"minecraft:stray":2,"mowziesmobs:ferrous_wroughtnaut":3,"minecraft:skeleton":1}},"DataVersion":3465}