{"stats":{"minecraft:custom":{"minecraft:interact_with_crafting_table":150,"minecraft:open_barrel":60,"minecraft:leave_game":30,"minecraft:time_since_death":4253,"minecraft:damage_blocked_by_shield":715,"minecraft:play_time":1541568,"minecraft:deaths":146,"minecraft:jump":25654,"minecraft:enchant_item":4,"minecraft:interact_with_furnace":118,"minecraft:traded_with_villager":5,"minecraft:sleep_in_bed":39,"minecraft:damage_dealt":126585,"minecraft:interact_with_smoker":54,"minecraft:interact_with_smithing_table":8,"minecraft:use_cauldron":3,"minecraft:inspect_dispenser":1,"minecraft:horse_one_cm":33752,"minecraft:interact_with_anvil":12,"minecraft:inspect_hopper":14,"minecraft:damage_dealt_absorbed":3678,"minecraft:sneak_time":14523,"minecraft:interact_with_lectern":1,"minecraft:interact_with_blast_furnace":236,"minecraft:total_world_time":1541568,"twilightforest:trophy_pedestals_activated":3,"minecraft:time_since_rest":4278,"twilightforest:life_charms_activated":1,"minecraft:swim_one_cm":565178,"minecraft:fly_one_cm":13341177,"minecraft:open_chest":1339,"minecraft:fall_one_cm":560604,"minecraft:sprint_one_cm":5858446,"minecraft:drop":308,"minecraft:talked_to_villager":249,"minecraft:interact_with_brewingstand":2,"minecraft:walk_on_water_one_cm":341928,"twilightforest:uncrafting_table_interactions":10,"minecraft:player_kills":10,"minecraft:crouch_one_cm":139442,"minecraft:mob_kills":588,"minecraft:interact_with_campfire":1,"minecraft:damage_dealt_resisted":16,"minecraft:climb_one_cm":130030,"minecraft:walk_one_cm":8315132,"minecraft:walk_under_water_one_cm":228873,"minecraft:boat_one_cm":40924,"minecraft:pot_flower":1,"minecraft:damage_taken":41565,"minecraft:damage_absorbed":20325,"minecraft:trigger_trapped_chest":4},"minecraft:mined":{"minecraft:white_bed":12,"minecraft:jungle_leaves":3,"twilightforest:rainbow_oak_leaves":1,"twilightforest:knight_phantom_wall_trophy":1,"minecraft:obsidian":10,"minecraft:granite":38,"minecraft:red_sand":2,"twilightforest:minoshroom_wall_trophy":1,"epicsamurai:silver_ore":24,"minecraft:yellow_carpet":1,"minecraft:jungle_log":6,"minecraft:oak_pressure_plate":8,"minecraft:coal_block":12,"minecraft:hopper":18,"twilightforest:nagastone_pillar":2,"twilightforest:fire_jet":4,"betterarcheology:rotten_pressure_plate":2,"minecraft:spawner":38,"minecraft:tall_seagrass":1,"twilightforest:carminite_reactor":2,"epicsamurai:deepslate_jade_ore":35,"minecraft:fire":23,"minecraft:sticky_piston":1,"minecraft:cobbled_deepslate":2,"minecraft:deepslate_lapis_ore":8,"minecraft:nether_brick_stairs":4,"minecraft:polished_deepslate_slab":1,"minecraft:water_cauldron":1,"minecraft:oak_stairs":1,"betterarcheology:loot_vase":2,"minecraft:player_head":1,"minecraft:tripwire":10,"minecraft:smoker":3,"minecraft:amethyst_cluster":6,"lolmct:spruce_crafting_table":7,"twilightforest:liveroot_block":1,"twilightforest:towerwood":5,"twilightforest:canopy_fence_gate":6,"minecraft:torch":89,"minecraft:blast_furnace":27,"minecraft:polished_andesite_stairs":1,"minecraft:dead_bush":1,"twilightforest:uncrafting_table":1,"minecraft:nether_brick_slab":1,"minecraft:damaged_anvil":1,"minecraft:sugar_cane":10,"minecraft:amethyst_block":1,"minecraft:skeleton_skull":1,"minecraft:white_terracotta":1,"minecraft:lilac":5,"twilightforest:twilight_oak_planks":53,"minecraft:grass":36,"minecraft:smooth_quartz":28,"minecraft:smooth_basalt":4,"minecraft:deepslate":995,"create:zinc_ore":9,"minecraft:yellow_terracotta":5,"minecraft:dark_prismarine":15,"minecraft:mossy_cobblestone":1,"epicsamurai:deepslate_onyx_ore":21,"minecraft:dark_oak_log":45,"twilightforest:underbrick":14,"minecraft:sea_lantern":6,"minecraft:dark_oak_fence":11,"minecraft:jungle_planks":26,"create_new_age:thorium_ore":32,"travelersbackpack:bat":2,"minecraft:andesite":27,"twilightforest:canopy_planks":19,"twilightforest:twilight_oak_leaves":48,"twilightforest:smoker":1,"minecraft:cobblestone_slab":1,"minecraft:vine":4,"twilightforest:cracked_underbrick":2,"minecraft:rail":1,"twilightforest:dark_log":2,"minecraft:bone_block":121,"minecraft:white_wool":2,"minecraft:smithing_table":2,"minecraft:oak_slab":1,"minecraft:mangrove_stairs":2,"epicsamurai:jade_ore":10,"minecraft:glass_pane":1,"minecraft:lily_of_the_valley":2,"toughasnails:water_purifier":6,"minecraft:potted_lily_of_the_valley":1,"minecraft:stone_brick_slab":5,"create_new_age:magnetite_block":30,"minecraft:dandelion":10,"minecraft:cornflower":1,"minecraft:copper_ore":16,"minecraft:tall_grass":9,"twilightforest:nagastone":3,"minecraft:deepslate_gold_ore":79,"minecraft:diorite":38,"twilightforest:mossy_towerwood":1,"betterarcheology:loot_vase_creeper":9,"minecraft:white_carpet":1,"minecraft:spruce_log":177,"minecraft:birch_leaves":46,"minecraft:gravel":75,"minecraft:cobweb":2,"minecraft:brown_terracotta":11,"minecraft:stone_bricks":113,"minecraft:chipped_anvil":1,"minecraft:gold_ore":27,"minecraft:iron_trapdoor":1,"minecraft:fern":2,"minecraft:large_amethyst_bud":1,"minecraft:spruce_planks":44,"minecraft:oak_sapling":1,"minecraft:sculk_vein":1,"minecraft:spruce_trapdoor":1,"minecraft:stripped_crimson_hyphae":2,"minecraft:grass_block":59,"minecraft:infested_cobblestone":1,"minecraft:mud_bricks":1,"minecraft:smooth_stone":1,"minecraft:raw_iron_block":3,"minecraft:mossy_cobblestone_slab":1,"minecraft:iron_ore":382,"minecraft:anvil":1,"minecraft:dark_oak_stairs":1,"twilightforest:reappearing_block":20,"minecraft:skeleton_wall_skull":2,"twilightforest:naga_wall_trophy":1,"minecraft:iron_bars":38,"epicsamurai:deepslate_silver_ore":11,"minecraft:spruce_slab":1,"epicsamurai:spirit_stone_base":9,"minecraft:deepslate_redstone_ore":7,"minecraft:quartz_block":4,"minecraft:orange_terracotta":10,"minecraft:soul_lantern":1,"minecraft:light_gray_terracotta":1,"minecraft:mossy_cobblestone_wall":1,"minecraft:calcite":10,"minecraft:poppy":3,"minecraft:chest":16,"twilightforest:twilight_oak_log":4,"minecraft:wither_skeleton_wall_skull":1,"minecraft:nether_quartz_ore":18,"minecraft:cobblestone":500,"minecraft:prismarine":79,"minecraft:oak_planks":101,"minecraft:wall_torch":89,"minecraft:cauldron":1,"minecraft:seagrass":1,"twilightforest:mossy_underbrick":2,"epicsamurai:aquamarine_ore":5,"twilightforest:lich_trophy":3,"minecraft:orange_tulip":1,"minecraft:tnt":8,"minecraft:smooth_stone_slab":1,"minecraft:oak_log":487,"minecraft:sand":48,"minecraft:dirt":116,"epicsamurai:tanuki_statue":1,"minecraft:wither_skeleton_skull":1,"minecraft:emerald_block":4,"minecraft:netherrack":3,"create:crimsite":3,"minecraft:oak_leaves":127,"minecraft:gray_candle":1,"minecraft:redstone_lamp":2,"minecraft:diamond_ore":5,"twilightforest:hydra_wall_trophy":1,"minecraft:tuff":64,"minecraft:stripped_mangrove_log":9,"minecraft:dark_oak_leaves":7,"minecraft:deepslate_diamond_ore":43,"twilightforest:alpha_yeti_wall_trophy":1,"minecraft:glow_lichen":1,"minecraft:lever":1,"minecraft:ladder":34,"epicsamurai:deepslate_ruby_ore":33,"twilightforest:lich_wall_trophy":1,"minecraft:decorated_pot":1,"minecraft:mangrove_trapdoor":1,"minecraft:spruce_leaves":7,"minecraft:hay_block":50,"epicsamurai:onyx_ore":15,"minecraft:furnace":9,"minecraft:stripped_spruce_log":2,"minecraft:gold_block":8,"minecraft:polished_deepslate":33,"minecraft:bookshelf":39,"twilightforest:firefly_jar":1,"minecraft:deepslate_iron_ore":239,"twilightforest:canopy_slab":3,"minecraft:lantern":20,"twilightforest:trophy_pedestal":3,"minecraft:stripped_oak_log":35,"minecraft:wet_sponge":42,"minecraft:stone":3253,"minecraft:redstone_wall_torch":5,"minecraft:infested_stone_bricks":1,"another_furniture:birch_table":1,"epicsamurai:deepslate_aquamarine_ore":26,"minecraft:oak_fence":8,"minecraft:crafting_table":1,"minecraft:oak_wood":6,"minecraft:rose_bush":4,"minecraft:sculk_sensor":1,"minecraft:lectern":158,"minecraft:lapis_ore":9,"minecraft:blue_bed":2,"minecraft:prismarine_bricks":53,"minecraft:spruce_stairs":1,"minecraft:birch_planks":46,"minecraft:sweet_berry_bush":2,"betterarcheology:loot_vase_green":14,"minecraft:coal_ore":796,"minecraft:flower_pot":1,"minecraft:cyan_carpet":1,"minecraft:cracked_stone_bricks":6,"minecraft:terracotta":13,"twilightforest:ur_ghast_wall_trophy":1,"minecraft:polished_andesite":3,"minecraft:mossy_stone_bricks":10,"epicsamurai:ruby_ore":9,"minecraft:dark_oak_planks":1},"minecraft:broken":{"soul_like_armors_reworked:nightcrow_chestplate":1,"minecraft:iron_leggings":1,"minecraft:diamond_pickaxe":1,"soul_like_armors_reworked:nightcrow_leggings":1,"minecraft:shield":1,"soul_like_armors_reworked:nightcrow_helmet":1,"toughasnails:leaf_helmet":3,"soul_like_armors_reworked:nightcrow_boots":1,"soul_like_armors_reworked:rustysteel_helmet":2,"toughasnails:leaf_boots":3,"minecraft:leather_leggings":1,"toughasnails:leaf_leggings":3,"soul_like_armors_reworked:rustysteel_boots":2},"minecraft:killed":{"minecraft:cave_spider":9,"twilightforest:maze_slime":1,"twilightforest:lich_minion":1,"twilightforest:carminite_broodling":14,"minecraft:skeleton":90,"minecraft:guardian":4,"twilightforest:lich":1,"twilightforest:carminite_ghastling":15,"twilightforest:pinch_beetle":5,"minecraft:chicken":1,"mowziesmobs:foliaath":1,"twilightforest:minoshroom":1,"twilightforest:carminite_golem":2,"minecraft:magma_cube":3,"minecraft:elder_guardian":3,"minecraft:pillager":45,"minecraft:zombie":94,"twilightforest:lower_goblin_knight":6,"minecraft:cow":26,"twilightforest:squirrel":1,"twilightforest:winter_wolf":4,"minecraft:vindicator":6,"minecraft:horse":2,"mowziesmobs:ferrous_wroughtnaut":1,"twilightforest:blockchain_goblin":3,"twilightforest:death_tome":4,"minecraft:husk":25,"twilightforest:helmet_crab":2,"twilightforest:kobold":14,"twilightforest:redcap_sapper":1,"minecraft:frog":5,"minecraft:enderman":1,"minecraft:spider":14,"minecraft:silverfish":3,"minecraft:illusioner":1,"twilightforest:minotaur":27,"minecraft:wolf":1,"twilightforest:slime_beetle":15,"minecraft:piglin":3,"minecraft:pig":1,"minecraft:zombie_villager":2,"epicsamurai:kitsune":1,"epicsamurai:jorogumo":1,"minecraft:creeper":45,"twilightforest:skeleton_druid":1,"twilightforest:mist_wolf":1,"minecraft:sheep":7,"mowziesmobs:lantern":1,"twilightforest:upper_goblin_knight":5,"twilightforest:carminite_ghastguard":5,"minecraft:ghast":2,"twilightforest:knight_phantom":4,"minecraft:blaze":5,"minecraft:phantom":1,"twilightforest:fire_beetle":5,"twilightforest:naga":1,"twilightforest:swarm_spider":2,"twilightforest:hedge_spider":2,"minecraft:drowned":3,"mowziesmobs:umvuthana_follower_raptor":4,"minecraft:squid":4,"naturalist:sparrow":1,"twilightforest:yeti":8},"minecraft:crafted":{"immersive_aircraft:engine":2,"minecraft:black_dye":9,"travelersbackpack:crafting_upgrade":1,"soul_like_armors_reworked:lightninglord_boots":1,"soul_like_armors_reworked:nightcrow_boots":1,"soul_like_armors_reworked:lightninglord_helmet":1,"minecraft:diamond_shovel":1,"soul_like_armors_reworked:nightcrow_helmet":1,"minecraft:bookshelf":26,"minecraft:cooked_mutton":7,"minecraft:glass":26,"minecraft:diamond_helmet":2,"minecraft:diamond_leggings":2,"minecraft:glass_bottle":21,"minecraft:emerald":39,"minecraft:cooked_porkchop":3,"minecraft:diamond_axe":1,"minecraft:smithing_table":1,"minecraft:copper_ingot":60,"minecraft:oak_wood":18,"minecraft:polished_deepslate_slab":30,"soul_like_armors_reworked:rustyshield":1,"immersive_aircraft:propeller":2,"minecraft:stone_slab":6,"minecraft:iron_pickaxe":2,"minecraft:iron_block":4,"lolmct:spruce_crafting_table":11,"minecraft:gold_ingot":275,"wom:iron_staff":1,"minecraft:stone_shovel":1,"minecraft:iron_nugget":72,"immersive_aircraft:biplane":2,"minecraft:bone_meal":63,"travelersbackpack:blank_upgrade":4,"minecraft:lantern":5,"minecraft:ladder":21,"minecraft:stone_pickaxe":1,"minecraft:diamond_boots":2,"minecraft:spruce_boat":6,"minecraft:dark_oak_planks":28,"minecraft:wheat":306,"twilightforest:fiery_pickaxe":1,"minecraft:enchanting_table":1,"minecraft:glowstone":4,"minecraft:enchanted_book":2,"minecraft:golden_apple":1,"minecraft:wooden_axe":1,"minecraft:white_bed":2,"minecraft:grindstone":1,"soul_like_armors_reworked:nightcrow_leggings":1,"minecraft:oak_planks":564,"minecraft:cobblestone_slab":6,"minecraft:dark_oak_boat":5,"minecraft:stone":629,"toughasnails:leaf_leggings":6,"minecraft:hopper":10,"minecraft:stone_brick_slab":36,"immersive_aircraft:hull":6,"minecraft:chest":46,"toughasnails:leaf_helmet":5,"minecraft:stone_hoe":1,"minecraft:stone_bricks":923,"minecraft:smoker":3,"minecraft:item_frame":13,"toughasnails:leaf_boots":6,"travelersbackpack:iron_tier_upgrade":2,"minecraft:crafting_table":14,"soul_like_armors_reworked:darkmoongreatsword":1,"minecraft:spruce_planks":372,"minecraft:wooden_pickaxe":1,"minecraft:baked_potato":59,"minecraft:birch_planks":132,"minecraft:paper":15,"minecraft:diamond_pickaxe":2,"minecraft:charcoal":3,"toughasnails:water_purifier":1,"travelersbackpack:iron_golem":2,"minecraft:stick":240,"minecraft:iron_ingot":1106,"minecraft:redstone_torch":9,"minecraft:shears":2,"minecraft:oak_door":3,"minecraft:raw_iron":27,"minecraft:coal":108,"soul_like_armors_reworked:lightninglord_chestplate":1,"minecraft:furnace":8,"minecraft:flint_and_steel":1,"soul_like_armors_reworked:rustysteel_boots":2,"minecraft:polished_deepslate":328,"minecraft:iron_hoe":1,"travelersbackpack:diamond_tier_upgrade":1,"twilightforest:uncrafting_table":1,"minecraft:cooked_beef":45,"paraglider:paraglider":1,"minecraft:diamond_sword":1,"immersive_aircraft:boiler":2,"twilightforest:canopy_fence_gate":5,"toughasnails:leaf_chestplate":5,"travelersbackpack:backpack_tank":2,"minecraft:iron_sword":2,"minecraft:bucket":1,"minecraft:stone_axe":4,"minecraft:bread":103,"minecraft:air":0,"minecraft:jungle_planks":24,"minecraft:oak_boat":3,"soul_like_armors_reworked:lightninglord_leggings":1,"minecraft:white_wool":3,"minecraft:gold_nugget":27,"minecraft:anvil":1,"minecraft:torch":56,"soul_like_armors_reworked:nightcrow_chestplate":1,"minecraft:firework_rocket":45},"minecraft:picked_up":{"minecraft:wooden_axe":5,"twilightforest:lich_trophy":5,"minecraft:flower_pot":2,"minecraft:prismarine_shard":3,"twilightforest:cracked_underbrick":4,"minecraft:lead":4,"minecraft:smithing_table":2,"twilightforest:naga_trophy":1,"minecraft:oak_stairs":2,"minecraft:enchanted_book":1,"twilightforest:alpha_yeti_trophy":1,"minecraft:polished_deepslate":32,"minecraft:string":62,"twilightforest:mossy_towerwood":1,"minecraft:gold_nugget":12,"minecraft:cobbled_deepslate":860,"bosses_of_mass_destruction:soul_star":1,"minecraft:spruce_planks":82,"minecraft:written_book":1,"minecraft:enchanted_golden_apple":2,"minecraft:coal_block":12,"twilightforest:trophy_pedestal":3,"minecraft:golden_axe":1,"twilightforest:carminite":4,"minecraft:cauldron":2,"minecraft:stone_sword":2,"minecraft:vex_armor_trim_smithing_template":3,"minecraft:blaze_rod":2,"minecraft:iron_bars":32,"minecraft:snowball":78,"minecraft:sponge":42,"minecraft:birch_log":44,"minecraft:mossy_cobblestone_slab":1,"minecraft:feather":2,"minecraft:cooked_beef":1,"minecraft:water_bucket":4,"minecraft:jungle_log":6,"minecraft:smoker":2,"minecraft:flint":15,"minecraft:lantern":23,"minecraft:chipped_anvil":1,"minecraft:dark_oak_sign":14,"soul_like_armors_reworked:rustysteel_boots":6,"minecraft:gray_candle":3,"epicsamurai:raw_silver":58,"twilightforest:canopy_slab":3,"soul_like_armors_reworked:dark_knight_leggings":1,"minecraft:stripped_spruce_log":2,"epicsamurai:tanuki_statue":1,"minecraft:ink_sac":15,"minecraft:dark_oak_log":45,"minecraft:polished_andesite":2,"toughasnails:water_purifier":2,"create:crimsite":1,"twilightforest:canopy_planks":51,"minecraft:lever":1,"minecraft:writable_book":2,"minecraft:granite":25,"minecraft:golden_horse_armor":2,"minecraft:bread":5,"epicsamurai:ruby":78,"minecraft:dark_oak_fence":9,"twilightforest:uncrafting_table":1,"minecraft:diamond_pickaxe":2,"minecraft:crafting_table":1,"minecraft:leather_leggings":1,"minecraft:redstone_lamp":2,"minecraft:stripped_mangrove_log":9,"minecraft:cornflower":1,"epicsamurai:jade":73,"minecraft:white_carpet":1,"minecraft:cracked_stone_bricks":17,"minecraft:beef":46,"minecraft:poppy":3,"minecraft:spruce_slab":1,"minecraft:chest":15,"minecraft:birch_sapling":1,"twilightforest:armor_shard":13,"minecraft:egg":3,"minecraft:polished_deepslate_slab":1,"minecraft:stone":380,"twilightforest:borer_essence":12,"minecraft:carrot":45,"minecraft:redstone":53,"minecraft:prismarine_crystals":21,"minecraft:mangrove_trapdoor":1,"twilightforest:firefly":1,"minecraft:tnt":31,"minecraft:stone_shovel":1,"minecraft:diamond_chestplate":1,"minecraft:beetroot_seeds":36,"minecraft:peony":2,"minecraft:hay_block":50,"minecraft:gold_ingot":210,"minecraft:mutton":7,"minecraft:white_wool":8,"minecraft:bone_block":120,"minecraft:rail":11,"epicsamurai:kitsune_hide":1,"minecraft:stripped_oak_log":35,"minecraft:birch_leaves":45,"twilightforest:ur_ghast_trophy":2,"minecraft:red_mushroom":18,"twilightforest:twilight_oak_leaves":44,"minecraft:lily_pad":9,"minecraft:oak_log":580,"toughasnails:purified_water_bottle":1,"mowziesmobs:wrought_axe":2,"minecraft:blue_bed":2,"minecraft:paper":22,"minecraft:white_banner":1,"twilightforest:liveroot":1,"minecraft:apple":4,"minecraft:stone_bricks":91,"minecraft:kelp":26,"mowziesmobs:foliaath_seed":1,"minecraft:wild_armor_trim_smithing_template":2,"minecraft:stone_pickaxe":5,"minecraft:glass_bottle":17,"epicsamurai:aquamarine":52,"minecraft:iron_sword":2,"minecraft:dark_oak_stairs":1,"twilightforest:nagastone_pillar":1,"minecraft:sweet_berries":86,"epicfight:stone_greatsword":1,"minecraft:spyglass":2,"minecraft:gravel":89,"minecraft:spruce_sapling":8,"minecraft:spruce_log":171,"minecraft:oak_wood":11,"minecraft:diamond_shovel":1,"minecraft:slime_ball":15,"minecraft:stone_axe":1,"minecraft:tide_armor_trim_smithing_template":1,"minecraft:diamond_axe":1,"minecraft:painting":1,"mowziesmobs:umvuthana_mask_fear":2,"minecraft:baked_potato":1,"minecraft:melon_seeds":3,"minecraft:hopper":17,"minecraft:wheat":40,"travelersbackpack:bat":2,"twilightforest:fire_jet":2,"lolmct:spruce_crafting_table":10,"minecraft:potion":30,"soul_like_armors_reworked:rustysteel_chestplate":2,"minecraft:raw_copper":60,"minecraft:smooth_stone_slab":2,"minecraft:sticky_piston":1,"minecraft:red_sand":2,"minecraft:smooth_stone":2,"minecraft:bucket":5,"minecraft:rose_bush":5,"minecraft:redstone_torch":5,"minecraft:cobblestone_slab":5,"minecraft:calcite":3,"minecraft:smooth_quartz":28,"twilightforest:firefly_jar":1,"minecraft:furnace":8,"minecraft:stick":23,"minecraft:oak_fence":11,"minecraft:torch":253,"epicfight:skillbook":18,"minecraft:porkchop":3,"minecraft:diorite":28,"minecraft:quartz_block":4,"minecraft:mangrove_stairs":2,"minecraft:rotten_flesh":156,"twilightforest:hydra_trophy":1,"minecraft:obsidian":20,"minecraft:cod":3,"minecraft:cobblestone":3793,"minecraft:leather_chestplate":2,"minecraft:lilac":5,"twilightforest:twilight_oak_log":5,"minecraft:andesite":22,"minecraft:potato":10,"paraglider:spirit_orb":36,"minecraft:tuff":42,"create:raw_zinc":7,"twilightforest:minoshroom_trophy":1,"minecraft:prismarine_bricks":53,"minecraft:wither_skeleton_skull":2,"minecraft:lapis_lazuli":181,"minecraft:dirt":255,"minecraft:mangrove_fence":1,"minecraft:glass":33,"minecraft:bone":99,"minecraft:bow":3,"minecraft:orange_tulip":1,"minecraft:wheat_seeds":44,"betterarcheology:archeology_table":2,"minecraft:raw_gold":198,"create_new_age:magnetite_block":30,"minecraft:mossy_stone_bricks":1,"wom:diamond_legbottomseal":3,"minecraft:prismarine":76,"minecraft:oak_planks":62,"minecraft:ghast_tear":2,"minecraft:music_disc_13":1,"minecraft:oak_pressure_plate":16,"betterarcheology:artifact_shards":2,"minecraft:sand":52,"minecraft:jungle_planks":26,"minecraft:nether_brick_stairs":5,"minecraft:lily_of_the_valley":2,"minecraft:mossy_cobblestone":1,"minecraft:dark_prismarine":15,"soul_like_armors_reworked:dark_knight_boots":2,"minecraft:diamond":110,"minecraft:spruce_boat":1,"minecraft:soul_lantern":1,"minecraft:crossbow":4,"epicsamurai:jorogumo_eye":3,"minecraft:golden_apple":6,"minecraft:emerald":98,"twilightforest:arctic_fur":3,"minecraft:oak_sapling":18,"minecraft:netherrack":1,"minecraft:oak_leaves":78,"twilightforest:torchberries":7,"minecraft:fishing_rod":1,"minecraft:charcoal":28,"create_new_age:thorium":224,"minecraft:ladder":37,"minecraft:brown_mushroom":43,"minecraft:wooden_pickaxe":5,"minecraft:gold_block":8,"mowziesmobs:glowing_jelly":4,"twilightforest:nagastone":3,"minecraft:iron_axe":1,"minecraft:item_frame":17,"twilightforest:dark_log":2,"minecraft:cyan_carpet":2,"minecraft:mossy_cobblestone_wall":1,"minecraft:oak_boat":2,"minecraft:player_head":1,"minecraft:lectern":158,"twilightforest:towerwood":8,"minecraft:sugar_cane":25,"minecraft:phantom_membrane":1,"twilightforest:canopy_fence_gate":6,"minecraft:dark_oak_sapling":3,"minecraft:stripped_crimson_hyphae":2,"minecraft:raw_iron":1037,"minecraft:bowl":1,"soul_like_armors_reworked:rustysteel_helmet":2,"minecraft:iron_horse_armor":1,"twilightforest:reappearing_block":21,"create:zinc_ingot":5,"twilightforest:raw_meef":23,"soul_like_armors_reworked:estusflask":117,"minecraft:arrow":240,"twilightforest:mossy_nagastone_stairs_right":1,"minecraft:pumpkin_pie":3,"twilightforest:knight_phantom_trophy":1,"minecraft:saddle":6,"minecraft:black_banner":2,"epicsamurai:spirit_stone_base":9,"minecraft:skeleton_skull":3,"epicsamurai:kitsune_tail":2,"minecraft:wet_sponge":1,"epicsamurai:spirit_upgrade_smithing_template":1,"minecraft:leather":50,"twilightforest:carminite_reactor":2,"minecraft:birch_planks":46,"minecraft:gunpowder":98,"another_furniture:birch_table":1,"twilightforest:twilight_oak_planks":51,"minecraft:orange_terracotta":6,"minecraft:cooked_mutton":9,"soul_like_armors_reworked:rustyshield":2,"minecraft:gray_carpet":1,"minecraft:iron_ingot":263,"twilightforest:charm_of_life_1":1,"minecraft:book":119,"epicsamurai:onyx":65,"minecraft:emerald_block":4,"minecraft:stone_brick_slab":5,"minecraft:quartz":55,"minecraft:dandelion":10,"minecraft:raw_iron_block":3,"minecraft:amethyst_shard":40,"minecraft:red_banner":1,"minecraft:blast_furnace":27,"minecraft:white_bed":13,"minecraft:nether_brick_slab":1,"minecraft:spider_eye":8,"twilightforest:meef_stroganoff":1,"soul_like_armors_reworked:dark_knight_chestplate":1,"minecraft:gray_banner":3,"twilightforest:maze_map_focus":4,"minecraft:iron_helmet":1,"minecraft:terracotta":20,"minecraft:damaged_anvil":1,"soul_like_armors_reworked:rustysteel_leggings":1,"minecraft:coal":1481},"minecraft:killed_by":{"minecraft:pillager":2,"twilightforest:minotaur":3,"minecraft:vindicator":4,"twilightforest:carminite_ghastguard":1,"twilightforest:redcap_sapper":1,"minecraft:zombie":13,"minecraft:husk":42,"twilightforest:naga":1,"minecraft:stray":2,"twilightforest:minoshroom":1,"twilightforest:slime_beetle":1,"twilightforest:blockchain_goblin":1,"minecraft:ghast":1,"minecraft:zombified_piglin":1,"twilightforest:skeleton_druid":1,"minecraft:creeper":3,"twilightforest:alpha_yeti":1,"minecraft:blaze":1,"minecraft:elder_guardian":1,"minecraft:player":9,"mowziesmobs:ferrous_wroughtnaut":3,"twilightforest:knight_phantom":2,"minecraft:skeleton":3,"twilightforest:pinch_beetle":2},"minecraft:dropped":{"twilightforest:nagastone":3,"minecraft:iron_sword":1,"minecraft:oak_pressure_plate":8,"minecraft:glass_bottle":17,"minecraft:diamond":1,"minecraft:crossbow":3,"minecraft:cracked_stone_bricks":15,"minecraft:rail":6,"minecraft:red_mushroom":11,"minecraft:item_frame":16,"minecraft:dirt":6,"minecraft:gold_nugget":10,"minecraft:writable_book":1,"twilightforest:meef_stroganoff":1,"minecraft:sand":4,"minecraft:iron_pickaxe":2,"minecraft:bone":8,"minecraft:oak_door":1,"minecraft:stone_axe":2,"create_new_age:thorium":25,"minecraft:cobbled_deepslate":79,"minecraft:gray_banner":2,"minecraft:wheat":13,"minecraft:rotten_flesh":62,"twilightforest:charm_of_life_1":1,"minecraft:oak_planks":38,"twilightforest:cracked_underbrick":3,"minecraft:quartz_block":4,"minecraft:painting":1,"soul_like_armors_reworked:dark_knight_chestplate":1,"minecraft:ghast_tear":1,"minecraft:egg":2,"minecraft:enchanted_book":1,"minecraft:iron_ingot":2,"twilightforest:canopy_slab":3,"minecraft:birch_leaves":12,"minecraft:wheat_seeds":36,"minecraft:oak_fence":3,"minecraft:feather":2,"minecraft:cobblestone":443,"twilightforest:lich_trophy":1,"minecraft:granite":24,"epicsamurai:jorogumo_eye":1,"minecraft:potion":11,"twilightforest:canopy_planks":39,"minecraft:oak_stairs":2,"soul_like_armors_reworked:dark_knight_leggings":1,"minecraft:white_banner":1,"toughasnails:leaf_leggings":2,"minecraft:smooth_stone":2,"minecraft:string":17,"minecraft:lily_pad":4,"minecraft:gray_carpet":1,"create:raw_zinc":7,"minecraft:player_head":1,"minecraft:stone_sword":2,"minecraft:dark_oak_sign":14,"minecraft:bowl":2,"minecraft:stone_shovel":2,"minecraft:potato":6,"minecraft:cobblestone_slab":1,"minecraft:spruce_boat":1,"minecraft:stone":6,"minecraft:diamond_pickaxe":2,"minecraft:spider_eye":5,"minecraft:stone_bricks":24,"twilightforest:raw_meef":1,"epicfight:skillbook":3,"twilightforest:towerwood":3,"minecraft:brown_mushroom":16,"minecraft:birch_planks":1,"minecraft:diamond_axe":1,"minecraft:baked_potato":1,"minecraft:leather":6,"create:crimsite":1,"minecraft:mossy_cobblestone_wall":1,"minecraft:black_banner":1,"minecraft:flint":10,"twilightforest:ur_ghast_trophy":1,"minecraft:pumpkin_pie":1,"minecraft:gold_ingot":9,"minecraft:gravel":5,"minecraft:spyglass":2,"minecraft:diamond_shovel":1,"minecraft:cooked_mutton":2,"minecraft:leather_chestplate":2,"minecraft:gunpowder":44,"minecraft:oak_wood":7,"minecraft:beetroot_seeds":10,"minecraft:arrow":22,"minecraft:iron_bars":18,"twilightforest:nagastone_pillar":1,"another_furniture:birch_table":1,"minecraft:netherrack":1,"minecraft:water_bucket":1,"minecraft:stone_hoe":1,"minecraft:bread":26,"twilightforest:firefly_jar":1,"minecraft:mossy_cobblestone":1,"minecraft:golden_axe":1,"mowziesmobs:wrought_axe":2,"minecraft:stick":4,"minecraft:mossy_cobblestone_slab":1,"minecraft:diorite":10,"twilightforest:fire_jet":1,"minecraft:torch":58,"minecraft:smooth_quartz":28,"toughasnails:leaf_boots":2,"toughasnails:leaf_helmet":2,"minecraft:bucket":4,"minecraft:kelp":16,"toughasnails:leaf_chestplate":3,"minecraft:tuff":41,"minecraft:stripped_oak_log":1,"minecraft:andesite":9,"minecraft:mossy_stone_bricks":1,"toughasnails:purified_water_bottle":6,"minecraft:slime_ball":8,"minecraft:wooden_pickaxe":1},"minecraft:used":{"minecraft:peony":1,"lolmct:spruce_crafting_table":16,"minecraft:spruce_slab":1,"minecraft:ladder":37,"minecraft:chest":50,"minecraft:stone":21,"minecraft:rotten_flesh":14,"minecraft:snowball":31,"minecraft:spruce_boat":6,"minecraft:mangrove_stairs":2,"minecraft:birch_sapling":1,"twilightforest:twilight_oak_planks":1,"create_new_age:magnetite_block":3,"minecraft:stripped_mangrove_log":9,"minecraft:bow":247,"minecraft:dark_oak_boat":5,"minecraft:sweet_berries":27,"minecraft:oak_sapling":14,"minecraft:furnace":11,"minecraft:gray_banner":1,"immersive_aircraft:biplane":2,"minecraft:potato":1,"mowziesmobs:foliaath_seed":2,"minecraft:diorite":15,"minecraft:damaged_anvil":1,"minecraft:prismarine":1,"twilightforest:uncrafting_table":2,"minecraft:leather_chestplate":1,"minecraft:wooden_pickaxe":9,"minecraft:oak_leaves":15,"minecraft:golden_apple":5,"minecraft:sand":33,"minecraft:blast_furnace":17,"twilightforest:cracked_underbrick":1,"soul_like_armors_reworked:rustysteel_boots":1,"soul_like_armors_reworked:nightcrow_helmet":1,"minecraft:cyan_carpet":2,"twilightforest:carminite_reactor":1,"minecraft:lectern":157,"minecraft:lilac":5,"minecraft:soul_lantern":1,"twilightforest:meef_stroganoff":1,"twilightforest:canopy_fence_gate":9,"minecraft:dark_oak_fence":5,"minecraft:smithing_table":3,"twilightforest:twilight_oak_log":4,"minecraft:birch_log":1,"minecraft:oak_boat":5,"soul_like_armors_reworked:nightcrow_chestplate":2,"minecraft:iron_bars":2,"minecraft:enchanting_table":1,"toughasnails:water_purifier":4,"soul_like_armors_reworked:dark_knight_chestplate":1,"minecraft:mangrove_fence":1,"twilightforest:alpha_yeti_trophy":1,"travelersbackpack:bat":4,"minecraft:torch":303,"soul_like_armors_reworked:nightcrow_boots":1,"minecraft:anvil":1,"minecraft:nether_brick_slab":1,"betterarcheology:archeology_table":1,"minecraft:nether_brick_stairs":2,"soul_like_armors_reworked:dagger":13,"minecraft:chipped_anvil":1,"twilightforest:knight_phantom_trophy":1,"soul_like_armors_reworked:rustysteel_chestplate":1,"minecraft:diamond_chestplate":1,"minecraft:glowstone":4,"minecraft:cobbled_deepslate":53,"minecraft:orange_terracotta":6,"minecraft:calcite":3,"minecraft:water_bucket":463,"minecraft:birch_planks":1,"minecraft:cauldron":2,"soul_like_armors_reworked:rustyshield":1,"minecraft:cracked_stone_bricks":2,"minecraft:polished_deepslate_slab":31,"minecraft:rail":4,"minecraft:tnt":10,"minecraft:crafting_table":6,"minecraft:white_bed":14,"epicsamurai:tanuki_statue":1,"twilightforest:trophy_pedestal":3,"minecraft:spruce_log":17,"mowziesmobs:wrought_axe":136,"minecraft:oak_log":332,"minecraft:diamond_pickaxe":6905,"minecraft:diamond_shovel":246,"minecraft:iron_pickaxe":273,"twilightforest:minoshroom_trophy":1,"soul_like_armors_reworked:nightcrow_leggings":1,"toughasnails:leaf_chestplate":2,"minecraft:spruce_sapling":2,"minecraft:cobblestone":1063,"minecraft:potion":256,"minecraft:stripped_oak_log":32,"minecraft:dandelion":10,"twilightforest:dark_log":2,"minecraft:red_sand":2,"minecraft:polished_deepslate":342,"minecraft:shield":13,"minecraft:iron_sword":793,"minecraft:jungle_planks":24,"minecraft:carrot":1,"minecraft:milk_bucket":9,"minecraft:obsidian":10,"minecraft:glass":21,"wom:agony":460,"minecraft:lantern":28,"wom:iron_staff":10,"minecraft:stone_bricks":785,"minecraft:item_frame":15,"minecraft:redstone_lamp":11,"minecraft:hay_block":5,"minecraft:skeleton_skull":3,"twilightforest:naga_trophy":1,"minecraft:dark_oak_stairs":1,"epicfight:skillbook":24,"minecraft:wither_skeleton_skull":2,"minecraft:birch_leaves":9,"minecraft:stone_pickaxe":36,"minecraft:oak_planks":126,"travelersbackpack:iron_golem":2,"minecraft:diamond_axe":1520,"minecraft:blue_bed":2,"minecraft:white_wool":3,"minecraft:black_banner":1,"minecraft:sponge":9,"minecraft:shears":177,"minecraft:sticky_piston":1,"twilightforest:ur_ghast_trophy":2,"minecraft:redstone_torch":14,"minecraft:lever":1,"twilightforest:diamond_minotaur_axe":10,"minecraft:dark_oak_log":3,"minecraft:bread":123,"minecraft:grindstone":1,"minecraft:cooked_rabbit":2,"minecraft:andesite":5,"minecraft:air":11,"minecraft:bone_meal":17,"twilightforest:canopy_planks":2,"minecraft:oak_fence":2,"minecraft:rose_bush":5,"minecraft:flint_and_steel":1,"minecraft:stone_shovel":9,"minecraft:spruce_planks":205,"twilightforest:hydra_trophy":1,"soul_like_armors_reworked:estusflask":23,"minecraft:stone_hoe":12,"minecraft:oak_door":2,"minecraft:dirt":125,"minecraft:spyglass":26,"minecraft:white_carpet":1,"twilightforest:fire_jet":1,"minecraft:hopper":25,"minecraft:prismarine_bricks":1,"minecraft:oak_wood":20,"twilightforest:fiery_pickaxe":523,"minecraft:iron_hoe":38,"minecraft:stone_brick_slab":35,"minecraft:wooden_axe":30,"minecraft:bookshelf":23,"minecraft:cooked_beef":27,"minecraft:cooked_mutton":9,"twilightforest:lich_trophy":5,"minecraft:iron_ore":2,"minecraft:glass_bottle":287,"minecraft:polished_andesite":2,"minecraft:baked_potato":61,"minecraft:brown_mushroom":12,"minecraft:cobblestone_slab":6,"twilightforest:mossy_towerwood":1,"minecraft:mangrove_trapdoor":1,"minecraft:terracotta":20,"minecraft:smoker":5,"minecraft:flower_pot":2,"minecraft:apple":1,"twilightforest:firefly":1,"minecraft:gray_candle":3,"twilightforest:reappearing_block":6,"minecraft:stone_axe":168,"soul_like_armors_reworked:darkmoongreatsword":420,"toughasnails:purified_water_bottle":18,"minecraft:bucket":464,"minecraft:red_banner":1,"minecraft:pumpkin_pie":1}},"DataVersion":3465}