{"stats":{"minecraft:broken":{"minecraft:leather_leggings":1,"minecraft:iron_leggings":1,"minecraft:diamond_pickaxe":1,"minecraft:shield":1,"soul_like_armors_reworked:rustysteel_boots":2,"soul_like_armors_reworked:rustysteel_helmet":2},"minecraft:killed_by":{"minecraft:creeper":2,"minecraft:pillager":2,"minecraft:vindicator":4,"minecraft:zombie":12,"minecraft:husk":42,"minecraft:player":7,"minecraft:stray":2,"mowziesmobs:ferrous_wroughtnaut":3,"minecraft:skeleton":2},"minecraft:killed":{"minecraft:cave_spider":6,"minecraft:spider":11,"minecraft:skeleton":61,"minecraft:chicken":1,"mowziesmobs:foliaath":1,"minecraft:wolf":1,"minecraft:magma_cube":3,"minecraft:pig":1,"minecraft:zombie_villager":1,"epicsamurai:kitsune":1,"epicsamurai:jorogumo":1,"minecraft:creeper":32,"minecraft:sheep":6,"mowziesmobs:lantern":1,"minecraft:pillager":37,"minecraft:zombie":63,"minecraft:cow":26,"minecraft:vindicator":3,"minecraft:horse":1,"mowziesmobs:ferrous_wroughtnaut":1,"minecraft:drowned":3,"minecraft:husk":19,"minecraft:frog":4,"mowziesmobs:umvuthana_follower_raptor":4,"minecraft:squid":4,"naturalist:sparrow":1},"minecraft:dropped":{"minecraft:iron_sword":1,"minecraft:brown_mushroom":1,"minecraft:glass_bottle":7,"minecraft:leather":6,"create:crimsite":1,"minecraft:rail":6,"minecraft:flint":10,"minecraft:dirt":3,"minecraft:gold_nugget":4,"minecraft:pumpkin_pie":1,"minecraft:iron_pickaxe":1,"minecraft:bone":8,"minecraft:gold_ingot":9,"minecraft:gravel":5,"minecraft:stone_axe":2,"create_new_age:thorium":10,"minecraft:spyglass":2,"minecraft:cobbled_deepslate":79,"minecraft:gray_banner":2,"minecraft:rotten_flesh":56,"minecraft:oak_planks":35,"minecraft:cooked_mutton":2,"minecraft:leather_chestplate":2,"minecraft:gunpowder":39,"minecraft:oak_wood":5,"minecraft:beetroot_seeds":10,"minecraft:iron_bars":4,"minecraft:arrow":7,"minecraft:stone_hoe":1,"minecraft:iron_ingot":2,"minecraft:bread":21,"minecraft:wheat_seeds":11,"minecraft:mossy_cobblestone":1,"minecraft:oak_fence":2,"minecraft:feather":2,"minecraft:cobblestone":285,"minecraft:granite":24,"mowziesmobs:wrought_axe":1,"minecraft:diorite":6,"minecraft:torch":58,"epicsamurai:jorogumo_eye":1,"minecraft:potion":2,"soul_like_armors_reworked:dark_knight_leggings":1,"minecraft:smooth_stone":2,"minecraft:string":15,"minecraft:bucket":1,"create:raw_zinc":7,"minecraft:kelp":16,"minecraft:stone_sword":2,"minecraft:dark_oak_sign":14,"minecraft:tuff":41,"minecraft:stone_shovel":2,"minecraft:stripped_oak_log":1,"minecraft:potato":6,"minecraft:spruce_boat":1,"minecraft:diamond_pickaxe":2,"minecraft:andesite":9,"minecraft:spider_eye":3,"minecraft:wooden_pickaxe":1,"epicfight:skillbook":2},"minecraft:custom":{"minecraft:interact_with_crafting_table":100,"minecraft:open_barrel":41,"minecraft:leave_game":6,"minecraft:time_since_death":109826,"minecraft:sprint_one_cm":3126812,"minecraft:damage_blocked_by_shield":715,"minecraft:drop":151,"minecraft:talked_to_villager":2,"minecraft:play_time":826709,"minecraft:deaths":90,"minecraft:jump":13564,"minecraft:walk_on_water_one_cm":146846,"minecraft:enchant_item":1,"minecraft:interact_with_furnace":95,"minecraft:sleep_in_bed":27,"minecraft:damage_dealt":64725,"minecraft:player_kills":6,"minecraft:crouch_one_cm":49442,"minecraft:interact_with_smoker":34,"minecraft:horse_one_cm":10011,"minecraft:interact_with_smithing_table":7,"minecraft:interact_with_anvil":6,"minecraft:mob_kills":304,"minecraft:interact_with_campfire":1,"minecraft:damage_dealt_resisted":16,"minecraft:climb_one_cm":87560,"minecraft:walk_one_cm":4503509,"minecraft:damage_dealt_absorbed":2124,"minecraft:sneak_time":8414,"minecraft:walk_under_water_one_cm":101613,"minecraft:boat_one_cm":40924,"minecraft:interact_with_lectern":1,"minecraft:interact_with_blast_furnace":66,"minecraft:total_world_time":826709,"minecraft:time_since_rest":109652,"minecraft:damage_absorbed":14674,"minecraft:damage_taken":24291,"minecraft:swim_one_cm":274319,"minecraft:fly_one_cm":4315891,"minecraft:open_chest":568,"minecraft:fall_one_cm":304095},"minecraft:mined":{"minecraft:dark_oak_planks":1,"minecraft:large_amethyst_bud":1,"minecraft:spruce_planks":39,"minecraft:white_bed":9,"minecraft:sculk_vein":1,"minecraft:obsidian":10,"minecraft:spruce_trapdoor":1,"minecraft:granite":28,"minecraft:red_sand":2,"minecraft:stripped_crimson_hyphae":2,"epicsamurai:silver_ore":24,"minecraft:grass_block":19,"minecraft:infested_cobblestone":1,"minecraft:yellow_carpet":1,"minecraft:coal_block":12,"betterarcheology:rotten_pressure_plate":2,"minecraft:spawner":20,"minecraft:smooth_stone":1,"epicsamurai:deepslate_jade_ore":35,"minecraft:raw_iron_block":3,"minecraft:cobbled_deepslate":2,"minecraft:iron_ore":344,"minecraft:fire":1,"minecraft:deepslate_lapis_ore":8,"minecraft:nether_brick_stairs":4,"minecraft:dark_oak_stairs":1,"minecraft:iron_bars":4,"epicsamurai:deepslate_silver_ore":11,"betterarcheology:loot_vase":2,"minecraft:spruce_slab":1,"minecraft:tripwire":10,"epicsamurai:spirit_stone_base":8,"minecraft:deepslate_redstone_ore":7,"minecraft:amethyst_cluster":6,"minecraft:smoker":2,"minecraft:orange_terracotta":3,"lolmct:spruce_crafting_table":7,"minecraft:torch":63,"minecraft:blast_furnace":24,"minecraft:calcite":10,"minecraft:poppy":3,"minecraft:polished_andesite_stairs":1,"minecraft:chest":14,"minecraft:nether_brick_slab":1,"minecraft:cobblestone":41,"minecraft:oak_planks":99,"minecraft:wall_torch":27,"minecraft:amethyst_block":1,"minecraft:seagrass":1,"epicsamurai:aquamarine_ore":5,"minecraft:lilac":2,"minecraft:tnt":4,"minecraft:grass":15,"minecraft:oak_log":193,"minecraft:dirt":36,"minecraft:sand":15,"minecraft:smooth_basalt":4,"minecraft:netherrack":2,"create:crimsite":3,"minecraft:oak_leaves":27,"minecraft:deepslate":967,"minecraft:emerald_block":4,"minecraft:gray_candle":1,"create:zinc_ore":7,"minecraft:diamond_ore":1,"minecraft:tuff":64,"minecraft:mossy_cobblestone":1,"epicsamurai:deepslate_onyx_ore":21,"minecraft:deepslate_diamond_ore":42,"minecraft:stripped_mangrove_log":9,"minecraft:glow_lichen":1,"minecraft:ladder":16,"minecraft:dark_oak_fence":6,"epicsamurai:deepslate_ruby_ore":21,"minecraft:decorated_pot":1,"create_new_age:thorium_ore":30,"minecraft:mangrove_trapdoor":1,"minecraft:spruce_leaves":2,"minecraft:hay_block":15,"travelersbackpack:bat":2,"epicsamurai:onyx_ore":11,"minecraft:furnace":6,"minecraft:andesite":19,"minecraft:stripped_spruce_log":2,"minecraft:gold_block":8,"minecraft:polished_deepslate":7,"minecraft:bookshelf":37,"minecraft:deepslate_iron_ore":221,"minecraft:vine":2,"minecraft:rail":1,"minecraft:lantern":18,"minecraft:stripped_oak_log":6,"minecraft:stone":2020,"minecraft:white_wool":2,"minecraft:smithing_table":2,"minecraft:oak_slab":1,"epicsamurai:jade_ore":10,"minecraft:mangrove_stairs":2,"minecraft:lily_of_the_valley":2,"toughasnails:water_purifier":1,"create_new_age:magnetite_block":22,"minecraft:dandelion":6,"epicsamurai:deepslate_aquamarine_ore":26,"minecraft:cornflower":1,"minecraft:rose_bush":1,"minecraft:sculk_sensor":1,"minecraft:lectern":1,"minecraft:copper_ore":6,"minecraft:tall_grass":4,"minecraft:lapis_ore":9,"minecraft:deepslate_gold_ore":79,"minecraft:diorite":10,"minecraft:blue_bed":2,"minecraft:spruce_stairs":1,"betterarcheology:loot_vase_creeper":9,"minecraft:white_carpet":1,"minecraft:spruce_log":103,"betterarcheology:loot_vase_green":14,"minecraft:coal_ore":287,"minecraft:cyan_carpet":1,"minecraft:gravel":74,"minecraft:cobweb":1,"minecraft:cracked_stone_bricks":1,"minecraft:terracotta":1,"minecraft:polished_andesite":3,"minecraft:stone_bricks":53,"minecraft:mossy_stone_bricks":3,"minecraft:gold_ore":11,"minecraft:iron_trapdoor":1,"minecraft:fern":1,"epicsamurai:ruby_ore":9},"minecraft:used":{"lolmct:spruce_crafting_table":16,"minecraft:red_sand":2,"minecraft:polished_deepslate":164,"minecraft:spruce_slab":1,"minecraft:ladder":32,"minecraft:chest":43,"minecraft:shield":13,"minecraft:stone":11,"minecraft:iron_sword":793,"minecraft:rotten_flesh":14,"minecraft:carrot":1,"minecraft:snowball":31,"minecraft:milk_bucket":9,"minecraft:spruce_boat":4,"wom:agony":11,"minecraft:mangrove_stairs":2,"minecraft:lantern":19,"create_new_age:magnetite_block":3,"minecraft:stone_bricks":268,"minecraft:item_frame":14,"minecraft:stripped_mangrove_log":9,"minecraft:bow":10,"minecraft:hay_block":5,"minecraft:sweet_berries":3,"minecraft:oak_sapling":3,"minecraft:furnace":10,"minecraft:dark_oak_stairs":1,"mowziesmobs:foliaath_seed":2,"epicfight:skillbook":20,"minecraft:diorite":3,"minecraft:oak_planks":125,"minecraft:stone_pickaxe":36,"minecraft:leather_chestplate":1,"minecraft:wooden_pickaxe":9,"travelersbackpack:iron_golem":2,"minecraft:diamond_axe":527,"minecraft:blue_bed":2,"minecraft:white_wool":3,"minecraft:blast_furnace":16,"soul_like_armors_reworked:rustysteel_boots":1,"minecraft:cyan_carpet":2,"minecraft:bread":66,"minecraft:soul_lantern":1,"minecraft:dark_oak_fence":2,"minecraft:smithing_table":3,"minecraft:cooked_rabbit":1,"minecraft:andesite":5,"minecraft:air":10,"minecraft:bone_meal":16,"minecraft:oak_fence":2,"minecraft:iron_bars":2,"minecraft:rose_bush":1,"minecraft:enchanting_table":1,"toughasnails:water_purifier":1,"minecraft:stone_shovel":9,"minecraft:spruce_planks":192,"soul_like_armors_reworked:estusflask":1,"minecraft:mangrove_fence":1,"minecraft:stone_hoe":12,"travelersbackpack:bat":4,"minecraft:torch":158,"minecraft:dirt":62,"minecraft:spyglass":26,"minecraft:anvil":1,"minecraft:white_carpet":1,"minecraft:nether_brick_slab":1,"betterarcheology:archeology_table":1,"minecraft:nether_brick_stairs":2,"minecraft:stone_brick_slab":6,"minecraft:wooden_axe":30,"soul_like_armors_reworked:dagger":13,"minecraft:bookshelf":23,"soul_like_armors_reworked:rustysteel_chestplate":1,"minecraft:diamond_chestplate":1,"minecraft:cooked_beef":22,"minecraft:cobbled_deepslate":41,"minecraft:orange_terracotta":3,"minecraft:calcite":3,"minecraft:cooked_mutton":8,"minecraft:water_bucket":28,"minecraft:glass_bottle":159,"minecraft:polished_andesite":2,"minecraft:baked_potato":3,"soul_like_armors_reworked:rustyshield":1,"minecraft:mangrove_trapdoor":1,"minecraft:terracotta":13,"minecraft:rail":4,"minecraft:tnt":6,"minecraft:crafting_table":4,"minecraft:white_bed":12,"minecraft:spruce_log":4,"minecraft:smoker":4,"mowziesmobs:wrought_axe":136,"minecraft:oak_log":133,"minecraft:diamond_pickaxe":4478,"minecraft:apple":1,"minecraft:diamond_shovel":120,"minecraft:iron_pickaxe":141,"minecraft:gray_candle":3,"minecraft:spruce_sapling":2,"minecraft:stone_axe":168,"soul_like_armors_reworked:darkmoongreatsword":88,"minecraft:cobblestone":173,"minecraft:potion":154,"toughasnails:purified_water_bottle":3,"minecraft:bucket":29,"minecraft:red_banner":1,"minecraft:pumpkin_pie":1,"minecraft:stripped_oak_log":3},"minecraft:picked_up":{"minecraft:wooden_axe":5,"minecraft:wheat":21,"travelersbackpack:bat":2,"minecraft:smithing_table":2,"lolmct:spruce_crafting_table":10,"minecraft:potion":14,"minecraft:enchanted_book":1,"minecraft:polished_deepslate":7,"soul_like_armors_reworked:rustysteel_chestplate":2,"minecraft:string":44,"minecraft:raw_copper":20,"minecraft:red_sand":2,"minecraft:cobbled_deepslate":848,"minecraft:smooth_stone":2,"minecraft:gold_nugget":9,"minecraft:bucket":2,"minecraft:spruce_planks":76,"minecraft:rose_bush":2,"minecraft:calcite":3,"minecraft:enchanted_golden_apple":2,"minecraft:coal_block":12,"minecraft:furnace":5,"minecraft:stick":3,"minecraft:oak_fence":4,"minecraft:torch":161,"epicfight:skillbook":16,"minecraft:porkchop":3,"minecraft:diorite":11,"minecraft:stone_sword":2,"minecraft:mangrove_stairs":2,"minecraft:rotten_flesh":127,"minecraft:vex_armor_trim_smithing_template":3,"minecraft:obsidian":20,"minecraft:iron_bars":4,"minecraft:snowball":78,"minecraft:cobblestone":2354,"minecraft:birch_log":43,"minecraft:leather_chestplate":2,"minecraft:cooked_beef":1,"minecraft:feather":2,"minecraft:lilac":2,"minecraft:andesite":14,"minecraft:smoker":1,"minecraft:potato":9,"paraglider:spirit_orb":12,"minecraft:flint":15,"minecraft:tuff":42,"create:raw_zinc":7,"minecraft:lapis_lazuli":181,"minecraft:dirt":117,"minecraft:lantern":19,"minecraft:mangrove_fence":1,"minecraft:bone":72,"minecraft:bow":1,"minecraft:wheat_seeds":13,"betterarcheology:archeology_table":2,"minecraft:raw_gold":169,"create_new_age:magnetite_block":22,"minecraft:dark_oak_sign":14,"soul_like_armors_reworked:rustysteel_boots":6,"minecraft:gray_candle":3,"wom:diamond_legbottomseal":3,"epicsamurai:raw_silver":58,"minecraft:oak_planks":62,"minecraft:music_disc_13":1,"betterarcheology:artifact_shards":2,"minecraft:sand":15,"soul_like_armors_reworked:dark_knight_leggings":1,"minecraft:stripped_spruce_log":2,"minecraft:ink_sac":9,"minecraft:nether_brick_stairs":5,"minecraft:lily_of_the_valley":1,"minecraft:mossy_cobblestone":1,"minecraft:polished_andesite":2,"soul_like_armors_reworked:dark_knight_boots":1,"create:crimsite":1,"minecraft:diamond":102,"minecraft:spruce_boat":1,"minecraft:soul_lantern":1,"minecraft:granite":25,"epicsamurai:jorogumo_eye":3,"minecraft:golden_apple":6,"minecraft:emerald":90,"minecraft:golden_horse_armor":2,"minecraft:bread":1,"epicsamurai:ruby":55,"minecraft:oak_sapling":7,"minecraft:dark_oak_fence":5,"minecraft:diamond_pickaxe":2,"minecraft:fishing_rod":1,"minecraft:charcoal":2,"create_new_age:thorium":209,"minecraft:ladder":19,"minecraft:leather_leggings":1,"minecraft:brown_mushroom":5,"minecraft:wooden_pickaxe":5,"mowziesmobs:glowing_jelly":4,"minecraft:gold_block":8,"minecraft:stripped_mangrove_log":9,"minecraft:cornflower":1,"epicsamurai:jade":73,"minecraft:item_frame":1,"minecraft:white_carpet":1,"minecraft:cyan_carpet":2,"minecraft:beef":46,"minecraft:poppy":3,"minecraft:spruce_slab":1,"minecraft:lectern":1,"minecraft:chest":13,"minecraft:egg":1,"minecraft:stripped_crimson_hyphae":2,"minecraft:raw_iron":960,"minecraft:carrot":41,"minecraft:redstone":47,"soul_like_armors_reworked:rustysteel_helmet":2,"minecraft:mangrove_trapdoor":1,"minecraft:tnt":31,"soul_like_armors_reworked:estusflask":77,"minecraft:stone_shovel":1,"minecraft:arrow":179,"minecraft:diamond_chestplate":1,"minecraft:beetroot_seeds":36,"minecraft:pumpkin_pie":3,"minecraft:hay_block":15,"minecraft:saddle":5,"minecraft:gold_ingot":210,"epicsamurai:spirit_stone_base":8,"minecraft:mutton":7,"minecraft:rail":11,"minecraft:white_wool":7,"epicsamurai:kitsune_tail":2,"epicsamurai:kitsune_hide":1,"minecraft:stripped_oak_log":6,"epicsamurai:spirit_upgrade_smithing_template":1,"minecraft:leather":48,"minecraft:red_mushroom":1,"minecraft:oak_log":235,"minecraft:gunpowder":77,"mowziesmobs:wrought_axe":2,"minecraft:blue_bed":2,"minecraft:orange_terracotta":3,"minecraft:cooked_mutton":8,"soul_like_armors_reworked:rustyshield":2,"minecraft:apple":3,"minecraft:stone_bricks":42,"minecraft:kelp":16,"mowziesmobs:foliaath_seed":1,"minecraft:wild_armor_trim_smithing_template":2,"minecraft:iron_ingot":246,"minecraft:stone_pickaxe":5,"minecraft:glass_bottle":7,"epicsamurai:aquamarine":52,"minecraft:iron_sword":2,"minecraft:dark_oak_stairs":1,"minecraft:book":111,"epicsamurai:onyx":58,"minecraft:emerald_block":4,"minecraft:sweet_berries":49,"minecraft:quartz":39,"minecraft:dandelion":6,"minecraft:spyglass":2,"minecraft:raw_iron_block":3,"minecraft:gravel":87,"minecraft:amethyst_shard":40,"minecraft:spruce_sapling":2,"minecraft:red_banner":1,"minecraft:blast_furnace":24,"minecraft:white_bed":10,"minecraft:spruce_log":103,"minecraft:nether_brick_slab":1,"minecraft:spider_eye":3,"minecraft:oak_wood":5,"minecraft:stone_axe":1,"minecraft:gray_banner":2,"minecraft:iron_helmet":1,"mowziesmobs:umvuthana_mask_fear":2,"minecraft:terracotta":13,"minecraft:melon_seeds":3,"soul_like_armors_reworked:rustysteel_leggings":1,"minecraft:coal":473},"minecraft:crafted":{"minecraft:black_dye":9,"soul_like_armors_reworked:nightcrow_leggings":1,"minecraft:oak_planks":400,"travelersbackpack:crafting_upgrade":1,"soul_like_armors_reworked:nightcrow_boots":1,"minecraft:stone":432,"minecraft:diamond_shovel":1,"soul_like_armors_reworked:nightcrow_helmet":1,"minecraft:bookshelf":26,"minecraft:cooked_mutton":7,"minecraft:glass":26,"minecraft:stone_brick_slab":6,"minecraft:diamond_helmet":1,"minecraft:diamond_leggings":1,"minecraft:chest":31,"minecraft:stone_hoe":1,"minecraft:stone_bricks":380,"minecraft:smoker":3,"minecraft:glass_bottle":9,"minecraft:item_frame":12,"travelersbackpack:iron_tier_upgrade":1,"minecraft:cooked_porkchop":3,"minecraft:emerald":36,"minecraft:diamond_axe":1,"minecraft:crafting_table":5,"soul_like_armors_reworked:darkmoongreatsword":1,"minecraft:spruce_planks":360,"minecraft:wooden_pickaxe":1,"minecraft:baked_potato":3,"minecraft:smithing_table":1,"minecraft:birch_planks":132,"soul_like_armors_reworked:rustyshield":1,"minecraft:diamond_pickaxe":2,"minecraft:charcoal":3,"toughasnails:water_purifier":1,"travelersbackpack:iron_golem":1,"minecraft:stick":192,"minecraft:iron_ingot":29,"minecraft:iron_pickaxe":1,"minecraft:iron_block":4,"lolmct:spruce_crafting_table":11,"minecraft:gold_ingot":70,"minecraft:raw_iron":27,"minecraft:coal":108,"minecraft:stone_shovel":1,"minecraft:furnace":8,"minecraft:bone_meal":63,"travelersbackpack:blank_upgrade":4,"soul_like_armors_reworked:rustysteel_boots":2,"minecraft:polished_deepslate":256,"minecraft:ladder":21,"minecraft:stone_pickaxe":1,"minecraft:diamond_boots":1,"minecraft:spruce_boat":4,"minecraft:cooked_beef":45,"minecraft:wheat":225,"paraglider:paraglider":1,"minecraft:diamond_sword":1,"minecraft:enchanting_table":1,"travelersbackpack:backpack_tank":2,"minecraft:iron_sword":2,"minecraft:bucket":1,"minecraft:stone_axe":4,"minecraft:bread":75,"minecraft:air":0,"minecraft:white_wool":3,"minecraft:wooden_axe":1,"minecraft:anvil":1,"minecraft:white_bed":2,"minecraft:torch":40,"soul_like_armors_reworked:nightcrow_chestplate":1}},"DataVersion":3465}