{"stats":{"minecraft:picked_up":{"minecraft:sand":4},"minecraft:custom":{"minecraft:jump":20,"minecraft:time_since_rest":902,"minecraft:leave_game":1,"minecraft:sprint_one_cm":1814,"minecraft:play_time":902,"minecraft:damage_taken":60,"minecraft:time_since_death":902,"minecraft:walk_one_cm":1508,"minecraft:total_world_time":902,"minecraft:fall_one_cm":1368,"minecraft:fly_one_cm":2261},"minecraft:used":{"minecraft:sand":4},"minecraft:mined":{"minecraft:grass":3,"minecraft:sand":4}},"DataVersion":3465}